gen;best;worst;mean;median;variance;std_dev;diversity
1;9;30;19.411000000000026;19.0;11.061140140140134;3.3258292409773738;0.3771908077198557
2;9;32;19.081999999999994;19.0;10.559835835835827;3.2495901027415486;0.37495666647114007
3;8;30;19.13099999999999;19.0;11.136975975975975;3.3372108078417786;0.3782380912578689
4;8;32;19.151000000000035;19.0;10.790989989989983;3.2849642296362958;0.3757562148478711
5;8;29;19.04200000000001;19.0;11.273509509509513;3.3576047280032104;0.3791258005152178
6;8;29;18.838999999999974;19.0;10.63171071071071;3.2606304161481887;0.3751302913380488
7;8;31;19.01099999999997;19.0;12.129008008007998;3.482672538153422;0.38297508398125907
8;8;28;19.052999999999997;19.0;11.549740740740749;3.3984909505162357;0.3810018066234507
9;8;31;18.53600000000001;18.0;10.96166566566566;3.3108406282492155;0.3771165685022674
10;8;29;19.049999999999972;19.0;12.095595595595599;3.477872279942954;0.3844488416541308
11;7;30;18.760000000000023;19.0;11.213613613613614;3.348673411011234;0.37873265745338053
12;6;32;18.962999999999994;19.0;12.44407507507508;3.527616061177163;0.38520166763324065
13;6;31;19.07499999999999;19.0;12.23761261261262;3.4982299256356235;0.3848714755000198
14;6;31;18.734000000000055;19.0;12.792036036036032;3.5765955930236273;0.387819414471884
15;5;29;18.932000000000002;19.0;12.808184184184185;3.5788523557397816;0.3869622267989535
16;5;29;18.797000000000025;19.0;12.185976976976976;3.4908418722389842;0.38393694948481594
17;5;32;18.67400000000001;19.0;12.37009409409409;3.5171144556431613;0.38557887520607464
18;5;30;18.587;19.0;12.106537537537537;3.4794450042409837;0.3837862256340363
19;5;33;18.63099999999997;18.0;12.767606606606597;3.573178781786128;0.38683334100617034
20;5;30;18.414999999999978;19.0;13.105880880880884;3.620204535779834;0.3893169658110327
21;5;31;18.72500000000001;19.0;13.87725225225225;3.725218416717636;0.39407485548758675
22;5;29;18.462999999999994;19.0;13.722353353353352;3.7043694947120693;0.39348655266864807
23;5;29;18.429000000000002;18.0;13.348307307307314;3.6535335371811373;0.3914983630000766
24;5;31;18.503999999999998;18.0;15.187171171171169;3.897072128043202;0.40048084797840955
25;5;31;18.827000000000012;19.0;14.932003003003015;3.8641950006441204;0.39863845507181106
26;5;32;18.70800000000002;19.0;14.01475075075075;3.7436280198159047;0.3943608762265916
27;5;30;18.641999999999967;19.0;13.993829829829822;3.7408327722353243;0.39379295479082865
28;3;30;18.60299999999994;19.0;14.20359459459459;3.7687656592834995;0.39508353221624887
29;3;30;18.60999999999999;19.0;15.105005005005001;3.8865157924553713;0.3997915609622279
30;3;29;18.37199999999998;18.0;14.754370370370385;3.8411418055534456;0.3966221726037403
31;3;30;18.196999999999992;18.0;14.034225225225228;3.746228133099375;0.3939898518361667
32;3;30;18.416;18.0;14.219163163163167;3.7708305667535855;0.39527505472724217
33;3;31;18.427000000000014;18.0;15.2278988988989;3.902294055923887;0.40016940890000574
34;3;37;18.40699999999999;19.0;14.275626626626632;3.778310022566522;0.39395541410708923
35;3;30;18.39200000000002;18.0;15.20554154154155;3.899428360867981;0.4002825893863514
36;3;30;18.03099999999998;18.0;14.840879879879882;3.8523862578770425;0.3988433186402644
37;3;28;18.120000000000008;18.0;14.73633633633633;3.8387936042898074;0.3976803649226216
38;3;28;18.108000000000008;18.0;15.075411411411427;3.882706712000203;0.3991559822282559
39;3;28;18.30600000000002;18.0;15.393757757757767;3.9234879581512376;0.400915083121627
40;3;31;18.479000000000013;18.0;15.767326326326316;3.9708092785131743;0.4032773667961609
41;3;30;18.099000000000007;18.0;15.742941941941938;3.967737635220093;0.402792056208736
42;3;29;18.12800000000001;18.0;15.306922922922917;3.9124062829571926;0.4005263846086005
43;3;29;18.370000000000015;18.0;15.400500500500499;3.924347143220194;0.40082613780723825
44;3;34;18.470000000000002;19.0;15.03613613613614;3.8776456950237397;0.39836954324761054
45;3;30;18.36299999999998;18.0;14.305536536536527;3.782266058401567;0.396248881338665
46;3;30;18.35299999999998;18.0;14.803194194194191;3.8474919355593444;0.3985838074730316
47;3;31;18.411000000000005;18.0;15.039118118118129;3.8780301853026016;0.39941116417871153
48;3;30;18.292000000000012;18.0;14.130866866866876;3.759104529920241;0.39542874482724183
49;3;31;18.545000000000027;18.0;15.71769269269268;3.964554538998383;0.4027671139579335
50;3;34;18.616000000000003;19.0;14.657201201201207;3.8284724370434233;0.39713517786174285
51;3;29;18.58200000000001;19.0;14.814090090090096;3.8489076489427614;0.3984469936247882
52;3;31;18.573000000000015;18.0;14.817488488488483;3.8493490993268566;0.39702822171143615
53;3;29;18.516000000000023;18.0;15.357101101101108;3.918813736464277;0.3992145723923088
54;3;31;18.425000000000008;18.5;16.19456956956956;4.024247702312763;0.4048402634755356
55;3;30;18.218000000000004;18.0;16.0104864864865;4.001310596103044;0.40366108716055626
56;3;30;18.321000000000012;18.0;14.264223223223217;3.7768006597149415;0.39454875984409
57;3;31;18.382999999999992;18.0;14.79911011011011;3.846961152664543;0.3981160351895272
58;3;32;18.27499999999998;18.0;15.14652152152153;3.8918532245604447;0.40055037254744963
59;3;29;18.331999999999994;18.0;16.374150150150157;4.046498504899039;0.4049042690766486
60;3;30;18.281999999999986;18.0;17.950426426426418;4.236794357344526;0.4122537331196484
61;3;31;18.228;18.0;17.33334934934936;4.16333392239313;0.4092496229447377
62;3;32;18.436;18.0;16.55045445445446;4.06822497588991;0.406945003213177
63;3;30;18.414000000000016;19.0;17.105709709709704;4.135904944472213;0.40932720322022975
64;3;31;18.460000000000004;18.0;17.587987987987983;4.193803522816488;0.4110123585933865
65;3;32;18.460999999999995;18.0;18.701180180180174;4.324486117468776;0.41464601976770943
66;3;29;18.105999999999987;18.0;17.360124124124113;4.166548226544859;0.4088037451495709
67;3;33;18.280999999999988;18.0;20.53056956956957;4.531067155711728;0.42102919983132314
68;3;33;18.17100000000001;18.0;21.499258258258237;4.63672926298897;0.4229869734909751
69;3;32;18.584000000000007;18.0;19.992936936936946;4.471346210811342;0.41849856872644314
70;3;32;18.396000000000004;18.0;20.932116116116113;4.575162960607646;0.4205095227420056
71;3;32;18.267000000000003;18.0;19.307018018018024;4.393975195425894;0.41649768196893877
72;3;30;18.544000000000008;18.0;20.578642642642645;4.536368882999116;0.4204892540481828
73;3;32;18.22199999999998;18.0;20.5692852852853;4.535337394867696;0.4212038388030655
74;3;32;18.634999999999987;18.5;20.94672172172173;4.576758866460165;0.4212344290765398
75;3;31;18.63399999999997;18.0;19.341385385385397;4.397884194176263;0.4158476393419662
76;3;31;18.506000000000007;18.0;19.17313713713714;4.378714096300093;0.4149471126149544
77;3;31;18.45200000000001;18.0;18.974670670670672;4.3559925012183704;0.415231201519704
78;3;32;18.023999999999987;18.0;17.995419419419417;4.242100826173209;0.4117964968572431
79;3;32;18.326999999999973;18.0;18.110181181181176;4.255605853598425;0.4125209131604949
80;3;31;18.281000000000017;18.0;18.97501401401401;4.35603191150088;0.41437325323912705
81;3;33;18.67400000000001;18.0;18.886610610610607;4.3458728249467455;0.4139272052608739
82;3;32;18.394999999999982;18.0;19.64662162162163;4.432450972275004;0.41882745104295166
83;3;32;18.612000000000016;18.0;20.940396396396384;4.576067787565694;0.42312462470134954
84;3;32;18.422999999999984;18.0;19.61168268268269;4.428507952198199;0.4179468944923144
85;3;32;18.710999999999988;19.0;20.0235025025025;4.474762843157444;0.4197638075916206
86;3;33;18.429999999999996;18.0;18.81391391391392;4.3375008834482;0.4144926718415392
87;3;33;18.563999999999957;18.0;19.929833833833833;4.464284246532005;0.41869772635457936
88;3;34;18.395999999999997;18.0;17.817001001001007;4.221018952930797;0.4107904737283588
89;3;32;18.213999999999984;18.0;19.541745745745743;4.420604681007537;0.4169013536523688
90;3;29;18.121999999999996;18.0;18.879995995995998;4.345111735732005;0.4150882929951049
91;3;32;18.262000000000008;18.0;17.288644644644645;4.1579615973027755;0.40894013747533775
92;3;32;18.592;19.0;17.96750350350349;4.238809208197922;0.4127096239977849
93;3;33;18.18400000000001;18.0;17.31746146146147;4.161425412218928;0.4081079150393306
94;3;31;18.332000000000004;18.0;17.995771771771757;4.242142356377466;0.41140241864472105
95;3;31;18.395000000000024;18.0;17.408383383383388;4.1723354830817945;0.40899709354725355
96;3;33;18.288999999999994;18.0;18.46394294294295;4.2969690414224475;0.41392586367396067
97;3;31;18.141000000000023;18.0;19.206325325325324;4.382502176305828;0.4158103671478175
98;3;31;18.169999999999998;18.0;19.85495495495496;4.455889917284196;0.41734999786389787
99;3;33;18.252999999999982;18.0;20.26525625625626;4.501694820426665;0.4204023200236379
100;3;30;18.04299999999998;18.0;18.07522622622622;4.251496939458645;0.412088060974931
101;3;32;18.52899999999999;18.0;20.597756756756755;4.538475157666587;0.4210196166174079
102;3;31;18.309000000000008;18.0;18.85237137137137;4.341931755724791;0.41566360713308254
103;3;31;18.157999999999983;18.0;17.122158158158154;4.137892961176999;0.4079843522877804
104;3;31;18.457000000000036;18.0;18.86701801801803;4.343618079207475;0.4159504560525901
105;3;30;18.373000000000022;18.0;18.510381381381382;4.302369275339041;0.41236585064911735
106;3;31;17.945999999999984;18.0;19.74683083083081;4.443740634964063;0.41743121804904376
107;3;30;18.307999999999982;18.0;21.20033633633632;4.604382296935857;0.4210804023995652
108;3;31;18.32100000000001;18.0;19.747706706706694;4.443839185513658;0.41753630351787174
109;3;31;18.004999999999992;18.0;18.709684684684696;4.32546930224741;0.41324807443245193
110;3;31;18.625999999999983;18.0;18.57670070070071;4.310069686292869;0.4148351354916504
111;3;31;18.549999999999994;18.0;17.47097097097099;4.179829060018004;0.4096217491001764
112;3;30;18.312000000000005;18.0;16.56522122122124;4.070039461875185;0.40542498462340815
113;3;32;18.60600000000002;19.0;18.711475475475478;4.325676302669384;0.4145810964759476
114;3;31;18.610999999999994;18.0;17.262941941941946;4.154869666059568;0.4095217559779715
115;3;31;18.517999999999997;18.0;16.620296296296285;4.076799761614039;0.40658541714080476
116;3;30;18.519000000000002;18.0;18.075714714714717;4.2515543880696995;0.4113414054084524
117;3;30;18.450000000000028;18.0;16.538038038038046;4.0666986657531;0.4057927317139831
118;3;32;18.65699999999999;19.0;17.83318418418417;4.222935493727577;0.411712843870778
119;3;34;18.601000000000013;19.0;16.70450350350349;4.08711432474105;0.40630078146614124
120;3;30;18.452999999999992;18.0;15.503294294294289;3.9374222905721314;0.40192729307870606
121;3;30;18.70799999999997;19.0;16.503239239239257;4.062417905538432;0.4047170939394663
122;3;31;18.25799999999998;18.0;16.72616216216217;4.089763093647622;0.4068286184984571
123;3;32;18.185000000000024;18.0;16.056831831831836;4.007097681843036;0.4034589443289052
124;3;32;18.332999999999984;18.0;17.33344444444444;4.163345342923697;0.41051584093085486
125;3;33;18.285000000000004;18.0;15.961736736736736;3.9952142291417534;0.4033346107889118
126;3;29;18.221000000000014;18.0;14.828987987987988;3.850842503659165;0.3976184657612351
127;3;32;18.419;18.0;15.783222222222216;3.972810368268566;0.40262938708869495
128;3;30;18.284999999999986;18.0;15.55332832832834;3.9437708260405215;0.40144075405397894
129;3;31;18.162999999999993;18.0;15.828259259259259;3.9784744889541845;0.4028184974029675
130;3;29;18.389;18.0;16.96464364364365;4.118815805986431;0.4071744741327837
131;3;31;18.131999999999987;18.0;17.816392392392395;4.2209468596977615;0.41187317063030443
132;3;30;18.079999999999995;18.0;18.269869869869865;4.274326832364351;0.41155001641252104
133;3;32;18.044000000000004;18.0;18.390454454454456;4.288409315172055;0.41370448226576595
134;3;33;18.157000000000007;18.0;18.136487487487486;4.258695514765934;0.41221187565512024
135;3;32;18.17899999999998;18.0;18.887846846846823;4.346015053683871;0.4152824667590344
136;3;30;17.916000000000015;18.0;18.645589589589598;4.318053912306977;0.414666584545955
137;3;31;17.89899999999998;18.0;17.900699699699725;4.2309218498690955;0.4113597991006934
138;3;32;18.164000000000005;18.0;20.21331731731732;4.495922298852297;0.4208919770153052
139;3;31;18.033999999999992;18.0;19.15599999999999;4.376756790135818;0.41606105464130505
140;3;31;18.009000000000025;18.0;19.626545545545543;4.430185723595066;0.41818383746040544
141;3;33;17.950999999999986;18.0;20.523122122122107;4.530245260703013;0.42050394512783523
142;3;30;17.747999999999998;18.0;19.958454454454465;4.46748860708726;0.418101547708722
143;3;32;18.152000000000015;18.0;22.509405405405417;4.744407803446645;0.4280140657246099
144;3;31;17.747999999999994;17.0;20.350846846846846;4.51119128909946;0.4204876886726238
145;3;31;18.169000000000004;18.0;22.00244144144144;4.6906760111354355;0.4254559302309817
146;3;33;17.912999999999993;18.0;19.152583583583567;4.376366481864101;0.4153817323541506
147;3;34;17.962;18.0;21.702258258258258;4.658568262702421;0.42400795975095845
148;3;31;17.64999999999997;17.0;21.687187187187206;4.656950417084898;0.4229609172456073
149;3;32;18.082;18.0;21.793069069069052;4.6683047318131505;0.424880953084182
150;3;29;17.82499999999998;18.0;21.38375875875876;4.624257644072047;0.4232713284932235
151;3;33;17.637999999999987;18.0;21.694650650650658;4.657751673356004;0.4228268455634869
152;3;30;17.96500000000001;18.0;22.069844844844827;4.697855345244767;0.42475912788447595
153;3;31;18.109000000000012;18.0;19.76688588588588;4.4459966133462;0.4190482163932738
154;3;31;18.205999999999992;18.0;20.770334334334333;4.557448226182535;0.42121424806279445
155;3;31;17.819000000000003;18.0;18.761;4.331397003277349;0.4152500849525811
156;3;31;17.82800000000001;17.0;20.578994994995;4.536407719219581;0.41996947627402226
157;3;32;18.182000000000013;18.0;19.045921921921916;4.364163370214492;0.4159705798335659
158;3;31;18.298000000000005;18.0;21.672868868868854;4.655412856972929;0.4226296283255091
159;3;28;17.816999999999997;18.0;18.730241241241256;4.327844872594356;0.4141448425399491
160;3;32;18.292999999999992;18.0;20.397548548548556;4.516364527864038;0.4206366966710921
161;3;31;17.82900000000003;18.0;19.53729629629629;4.420101389820859;0.4165147658891313
162;3;29;17.861000000000022;17.0;19.417096096096085;4.4064834160695625;0.41579138381189723
163;3;31;17.985999999999986;18.0;19.54735135135136;4.421238667087693;0.41737762913885634
164;3;31;17.84899999999997;18.0;19.695894894894906;4.438005733986258;0.41701974455672003
165;3;32;17.947;18.0;18.85704804804806;4.342470270254946;0.4145104567696013
166;3;30;18.094;18.0;20.82799199199198;4.563769493740013;0.42220329499562503
167;3;30;18.070999999999987;18.0;20.886845845845848;4.570212888459995;0.4218793474413889
168;3;31;17.939999999999998;18.0;20.729129129129127;4.55292533753071;0.42134916650558657
169;3;31;18.031000000000006;18.0;21.403442442442444;4.626385461939206;0.4231578977117826
170;3;31;18.17100000000001;18.0;19.19295195195196;4.380976141449753;0.4161562256115019
171;3;32;18.08199999999998;18.0;19.332608608608613;4.396886240125916;0.415898521761441
172;3;29;18.092000000000013;18.0;19.18872472472471;4.380493662217161;0.41625295159425935
173;3;31;17.681999999999988;17.0;18.287163163163168;4.276349279837087;0.41307465139283944
174;3;33;17.920999999999978;18.0;20.48724624624625;4.526283933454269;0.42072398361768143
175;3;30;17.968999999999973;18.0;18.90294194194193;4.347751366159515;0.415706702852274
176;3;31;18.016000000000016;18.0;20.135879879879884;4.487302071387649;0.41953276445772947
177;3;30;17.701000000000008;18.0;19.787386386386387;4.448301517027189;0.4173564228842142
178;3;32;18.006999999999994;18.0;20.9579089089089;4.577980876861425;0.42297258698298873
179;3;32;17.85600000000002;18.0;19.11638038038038;4.372228308354949;0.41618031558005636
180;3;31;18.151;18.0;21.535734734734753;4.640661023467966;0.42434900895971644
181;3;33;17.971999999999994;18.0;19.991207207207204;4.471152782807494;0.4190279843814847
182;3;32;17.695000000000007;18.0;20.44642142142142;4.521771933813272;0.4217575630744287
183;3;30;17.594000000000023;18.0;20.50767167167167;4.52853968423284;0.41907491345196174
184;3;33;17.876000000000005;18.0;21.7764004004004;4.6665190881855825;0.4248664187196596
185;3;31;17.748999999999985;18.0;20.11211111111112;4.484652841760566;0.41976561589445394
186;3;32;17.874000000000034;18.0;21.833957957957956;4.672682094681592;0.42562583504006807
187;3;31;18.257999999999992;18.0;21.76319919919922;4.665104414608447;0.42549117187708996
188;3;31;17.964999999999982;18.0;22.558333333333355;4.749561383257759;0.4276895049938991
189;3;32;17.86300000000001;18.0;20.600831831831822;4.538813923464127;0.4208526783710056
190;3;33;17.899000000000015;18.0;20.18498398398399;4.492770190426391;0.41987821899006583
191;3;30;17.956999999999997;18.0;20.0592102102102;4.478750965415492;0.4200519780859374
192;3;30;17.977999999999984;18.0;20.067583583583595;4.479685656782582;0.41882175508652686
193;3;30;18.124999999999993;18.0;20.535910910910903;4.5316565305538;0.4213790850187919
194;3;30;18.09800000000002;18.0;20.076472472472464;4.480677680047123;0.42074368910019616
195;3;32;18.136;18.0;18.898402402402407;4.34722927879384;0.41463112814245273
196;3;30;17.703999999999994;17.0;18.99537937937937;4.3583688897773865;0.41556463825069834
197;3;31;17.798000000000016;18.0;18.629825825825836;4.316228194364362;0.4146804368032316
198;3;31;17.847999999999985;18.0;19.17206806806807;4.378592018910654;0.4158409309411193
199;3;31;17.844000000000005;18.0;18.682346346346332;4.322307988372223;0.41468796981224754
200;3;29;17.588000000000015;18.0;18.84309909909909;4.340863865534035;0.41499467826538305
201;3;29;17.631;17.0;19.362201201201195;4.40025012939051;0.41660478023044195
202;3;29;17.866;18.0;20.376420420420416;4.514024858196997;0.4195180466200577
203;3;29;17.88800000000001;18.0;19.34279879879881;4.3980448836726085;0.41640847054584545
204;3;31;17.866999999999997;18.0;21.678989989989983;4.656070230354132;0.4253232301983038
205;3;30;17.601;18.0;23.07887787787788;4.804048071978244;0.4283225171018746
206;3;31;17.427999999999987;17.0;20.06287887887889;4.479160510506281;0.41970999003823417
207;3;30;17.442999999999994;17.0;20.168919919919915;4.490982066310209;0.4196833353252407
208;3;31;17.27799999999999;17.0;20.73344944944947;4.553399768244544;0.4188205935307367
209;3;33;17.671;17.0;22.59535435435435;4.753457095036659;0.426825610468808
210;3;31;17.997000000000007;18.0;21.47046146146147;4.63362293043591;0.4234463377923668
211;3;31;17.82100000000001;18.0;21.67062962962963;4.655172352301215;0.4247629316875675
212;3;31;17.697999999999976;17.0;21.804600600600587;4.669539656176033;0.425374265795773
213;3;30;17.694000000000024;18.0;20.70506906906908;4.550282306524407;0.42104955522265125
214;3;32;18.029999999999987;18.0;22.80390390390391;4.775343328380056;0.4264687136905104
215;3;31;17.791999999999994;18.0;21.616352352352354;4.649338915625785;0.42410512479918877
216;3;31;17.66;17.0;21.52992992992994;4.640035552657968;0.42369324869451935
217;2;30;17.416999999999998;17.0;20.059170170170166;4.478746495412547;0.41920210214956805
218;2;31;17.81000000000001;18.0;20.86676676676675;4.568015626808511;0.4207584653085116
219;2;31;17.819999999999986;18.0;21.228828828828835;4.607475320479626;0.4227620744951545
220;2;31;17.696999999999992;18.0;21.33452552552553;4.6189312103045586;0.42472396388653866
221;2;31;17.918;18.0;22.30758358358359;4.723090469553128;0.42604104528218634
222;2;30;17.891000000000002;18.0;20.48560460460461;4.526102584410191;0.42097594880386485
223;2;31;18.11300000000002;18.0;22.230461461461477;4.714919030212658;0.4257034727462026
224;2;30;17.66300000000001;17.0;21.79522622622624;4.668535768977918;0.42491401219751596
225;2;32;18.001000000000033;18.0;22.62962862862862;4.75706092336735;0.42752963278313727
226;2;31;17.981;18.0;20.629268268268266;4.541945427706971;0.42091728231890435
227;2;30;17.892000000000007;18.0;21.42976576576577;4.6292295002263355;0.4231093987192843
228;2;30;18.073999999999984;18.0;20.412936936936944;4.518067832263803;0.4204622782331053
229;2;31;18.049;18.0;19.754353353353356;4.444586972189132;0.417747409665901
230;2;32;17.97899999999998;18.0;20.619178178178174;4.540834524421494;0.42151566497889903
231;2;32;18.07800000000001;18.0;20.50842442442441;4.528622795555444;0.42083964968998194
232;2;32;18.193999999999996;18.0;20.36072472472473;4.512285975503406;0.420411934312721
233;2;31;18.024999999999988;18.0;18.314689689689693;4.2795665305834065;0.414178976570454
234;2;32;18.432000000000016;18.0;18.90027627627628;4.3474447985312334;0.4151709315239222
235;2;31;18.171999999999986;18.0;20.53895495495495;4.531992382490834;0.42166452546474564
236;2;31;18.442000000000007;18.0;19.241877877877876;4.386556494321927;0.41697623737425127
237;2;29;18.42500000000002;18.0;18.779154154154146;4.333492143082083;0.4149563748455678
238;2;31;18.753000000000025;19.0;18.70869969969969;4.325355442007014;0.4153318387647928
239;2;31;18.040000000000006;18.0;18.945345345345356;4.35262510967179;0.41589774745706015
240;2;32;18.148000000000007;18.0;21.21931531531532;4.606442804954309;0.42316530566144894
241;2;31;17.872999999999998;18.0;19.568439439439448;4.423622886214358;0.4179995826454683
242;2;33;18.63099999999998;19.0;22.687526526526543;4.763142505376734;0.4277515006420503
243;2;31;18.14800000000002;18.0;21.431527527527535;4.629419783031945;0.4233599088253126
244;2;29;18.26800000000002;18.0;21.403579579579567;4.626400283112083;0.42281720452697136
245;2;34;17.997999999999998;18.0;21.04704304304305;4.587705640409272;0.4204107132001354
246;2;30;18.197;18.0;20.983174174174184;4.580739478967799;0.42188216818498314
247;2;31;17.910999999999987;18.0;19.80688588588588;4.450492768883675;0.41883914298455954
248;2;32;18.081;18.0;20.118557557557548;4.485371507195089;0.41934040852438886
249;2;31;17.715999999999994;17.0;20.794138138138134;4.560059005993029;0.42082768094176853
250;2;32;17.797;18.0;20.558349349349353;4.534131598150781;0.4193797132706024
251;2;31;17.590000000000025;17.0;22.556456456456473;4.749363794915744;0.4270770687362201
252;2;31;17.64199999999999;17.0;21.989825825825825;4.689331063789997;0.4257886642685194
253;2;30;17.68;18.0;22.041641641641615;4.694852675179661;0.42453612858247897
254;2;29;17.56800000000001;17.0;20.754130130130125;4.555670107693283;0.4201991606265471
255;2;31;17.55700000000001;17.0;21.31606706706704;4.6169326470143615;0.42206387822389363
256;2;30;17.834000000000007;18.0;23.02947347347346;4.798903361547663;0.4276059805220617
257;2;33;18.25500000000002;18.0;21.15513013013012;4.599470635859101;0.4228221774883255
258;2;29;17.848999999999993;18.0;20.792991991992;4.559933331967914;0.42046667729907516
259;2;31;18.093000000000007;18.0;20.020371371371375;4.474412963883796;0.4180300452455784
260;2;30;18.006999999999994;18.0;19.564515515515527;4.423179344715239;0.4175016555631632
261;2;30;17.874000000000027;18.0;19.85597997997997;4.45600493491423;0.4181656772009647
262;2;31;17.822000000000006;18.0;18.52083683683683;4.303584184936647;0.4140850449417461
263;2;31;18.314000000000007;18.0;20.491895895895887;4.526797532019285;0.4202599922511103
264;2;31;17.947999999999983;18.0;19.53883483483482;4.420275425223503;0.41809208176411516
265;2;29;17.88200000000002;18.0;18.754830830830837;4.330684799293391;0.413289937213736
266;2;30;18.382000000000037;18.0;19.071147147147144;4.367052455277718;0.41576740972129844
267;2;32;18.462000000000014;18.0;20.112668668668675;4.484715004174588;0.41917511409303865
268;2;30;18.157999999999987;18.0;19.196232232232237;4.381350503238954;0.4149259396653819
269;2;33;18.29099999999998;18.0;19.90622522522523;4.461639297973922;0.4194832039107171
270;2;29;17.942999999999998;18.0;18.664415415415416;4.320233259375634;0.41363545510531985
271;2;31;18.064000000000014;18.0;18.932836836836852;4.351187979947183;0.4145394902194106
272;2;31;18.329000000000004;19.0;19.123882882882878;4.37308619659879;0.41663345747822694
273;2;32;18.10800000000001;18.0;19.525861861861863;4.418807742124776;0.417222831209479
274;2;30;18.30300000000002;18.0;18.031222222222233;4.246318667060002;0.41209528418402275
275;2;30;18.363999999999987;18.0;17.52703103103104;4.186529712187773;0.40912230728814836
276;2;31;18.386999999999986;18.0;17.308539539539538;4.16035329503872;0.4092369980734964
277;2;32;18.324999999999992;18.0;16.880255255255257;4.10855878079592;0.4078364935539163
278;2;30;18.130000000000017;18.0;16.347447447447447;4.043197676029141;0.4045061848110923
279;2;31;18.308999999999973;18.0;17.68720620620621;4.205616031713571;0.41027889682731017
280;2;30;18.379000000000005;19.0;18.077436436436447;4.251756864689754;0.41122966025233304
281;2;31;18.218000000000004;18.0;16.88335935935936;4.108936524133631;0.4064771646380314
282;2;31;18.444000000000017;19.0;16.951815815815824;4.11725828869356;0.40728373294281434
283;2;30;18.359;18.0;15.59771671671672;3.9493944746906102;0.401324560373376
284;2;30;18.354000000000006;18.0;16.891575575575583;4.109936200913048;0.40756269880439916
285;2;30;17.99600000000002;18.0;17.29728128128128;4.159000033815975;0.4081905230122572
286;2;31;18.003000000000025;18.0;17.89288388388388;4.2299980950213065;0.4107891422264266
287;2;30;18.25299999999997;18.0;16.379370370370374;4.047143482799982;0.4050749042878611
288;2;30;17.91499999999998;18.0;15.699474474474465;3.96225623533795;0.4020475227556561
289;2;29;18.452999999999992;18.0;16.356147147147137;4.044273376905564;0.4049946165443263
290;2;30;17.907000000000004;18.0;16.11046146146145;4.013783933081283;0.4040949573683359
291;2;29;18.214000000000006;18.0;16.082286286286273;4.010272595009755;0.4040188869194603
292;2;30;18.066000000000006;18.0;16.662306306306313;4.0819488368065455;0.4070876443574584
293;2;31;18.210000000000022;18.0;17.561461461461466;4.190639743698027;0.4100569061335511
294;2;32;18.212000000000018;18.0;17.710766766766778;4.208416182694718;0.4097342664306928
295;2;29;17.903999999999996;18.0;16.697481481481475;4.086255190450234;0.40726443449110716
296;2;30;18.023999999999997;18.0;17.092516516516493;4.134309678352179;0.40796962697645317
297;2;31;17.88800000000001;18.0;16.558014014014013;4.069153967843194;0.4070668984855432
298;2;31;17.839999999999975;18.0;18.374774774774774;4.2865807789862975;0.4130414154453049
299;2;30;17.953;18.0;17.15995095095096;4.142457115161358;0.40866131503618347
300;2;32;18.103;18.0;17.750141141141142;4.213091636926634;0.41008290616293414
301;2;29;17.95000000000001;18.0;18.081581581581585;4.252244299376693;0.41142393602530847
302;2;30;18.038000000000018;18.0;17.814370370370373;4.220707330575098;0.4107553642951309
303;2;30;18.009000000000007;18.0;17.31423323323324;4.161037518844698;0.4088089805126961
304;2;29;18.075000000000017;18.0;17.218593593593575;4.149529321934426;0.40693551189014177
305;2;32;17.89199999999999;18.0;19.001337337337347;4.359052343954744;0.4155421827509637
306;2;31;17.945999999999994;18.0;17.848932932932932;4.2247997506311386;0.41015489801938493
307;2;29;17.98999999999999;18.0;17.83973973973974;4.22371160707496;0.4099217292522071
308;2;29;17.68600000000002;18.0;16.3037077077077;4.037785000183604;0.4051835624724434
309;2;30;17.967000000000013;18.0;18.420331331331337;4.291891346636275;0.41339711531409096
310;2;31;17.899999999999974;18.0;17.33733733733734;4.163812836492214;0.4091078511983476
311;2;31;18.16700000000002;18.0;17.692803803803795;4.206281469873812;0.40977685210262804
312;2;32;17.965999999999994;18.0;17.21806206206207;4.149465274232581;0.4088681462071643
313;2;30;17.747000000000007;18.0;17.870861861861854;4.227394216519421;0.4108685196069029
314;2;30;17.957999999999977;18.0;17.60183783783784;4.195454425665692;0.4102698510848257
315;2;30;17.701;18.0;18.65425325325324;4.319056986571634;0.4150419135431096
316;2;30;17.859000000000023;18.0;19.500619619619634;4.41595059071313;0.41671753146315793
317;2;30;17.800999999999988;18.0;19.566965965965974;4.42345633707014;0.41774202125804544
318;2;32;17.81299999999999;18.0;19.169200200200198;4.3782645192130865;0.41485325859669825
319;2;31;17.729000000000028;18.0;19.97953853853855;4.469847708651666;0.41912812655190224
320;2;29;18.111000000000004;18.0;20.539218218218206;4.532021427378538;0.4196081510242431
321;2;30;18.052999999999997;18.0;18.304495495495484;4.278375333639568;0.41285818590307344
322;2;31;17.984999999999978;18.0;20.343118118118117;4.510334590484183;0.41925174927423214
323;2;30;18.039999999999992;18.0;19.073473473473477;4.3673187968676475;0.4162207284789265
324;2;32;17.898;18.0;18.095691691691698;4.2539031126357;0.41083986518648213
325;2;30;18.039000000000005;18.0;18.21569469469469;4.267984851741474;0.41150065435654304
326;2;31;18.054;18.0;18.825909909909914;4.33888348655618;0.41483261950464323
327;2;32;18.302000000000014;18.0;18.875671671671675;4.344614099281048;0.41545995613900094
328;2;32;17.984999999999992;18.0;18.188963963963968;4.2648521620290625;0.4128101996136894
329;2;31;17.953000000000007;18.0;18.088879879879876;4.253102382952928;0.41146857504891077
330;2;31;18.259000000000004;18.0;18.746665665665663;4.329741986038621;0.4145490883774881
331;2;31;18.140000000000008;18.0;19.750150150150155;4.444114101837413;0.4191557224093254
332;2;31;18.29600000000002;18.0;18.1245085085085;4.257288868341976;0.41137603436882375
333;2;31;18.23399999999999;18.0;17.462706706706708;4.178840354297674;0.40970061026425114
334;2;30;18.428999999999995;19.0;18.595554554554564;4.312256318281018;0.414987002074408
335;2;31;18.17699999999999;18.0;17.993664664664674;4.241893994982038;0.4110390116055697
336;2;30;18.03699999999999;18.0;17.565196196196187;4.1910853243755595;0.410498558730829
337;2;32;18.300999999999995;18.0;17.06146046046048;4.130552076957811;0.40776933475169475
338;2;30;18.228999999999996;18.0;15.866425425425398;3.9832681839697157;0.4029907646408096
339;2;31;18.17700000000001;18.0;16.95462562562564;4.1175994979630595;0.40798320536552096
340;2;30;18.450999999999986;19.0;16.892491491491494;4.110047626426182;0.4081785664818691
341;2;32;18.266000000000016;18.0;17.58883283283283;4.193904246979517;0.4090869449773897
342;2;32;18.338000000000005;18.0;18.043799799799803;4.247799406728124;0.4112939412895084
343;2;31;18.257000000000012;18.0;16.685636636636623;4.084805581253118;0.40556051830079826
344;2;32;17.717999999999996;17.0;17.79827427427428;4.218800098875779;0.41096609272497636
345;2;33;18.02700000000001;18.0;18.1364074074074;4.2586861128060844;0.4109605802075816
346;2;30;18.219999999999988;18.0;19.865465465465483;4.4570691564598235;0.4180148121750708
347;2;31;18.127000000000013;18.0;19.190061061061055;4.380646192179991;0.4166829639705434
348;2;30;18.120999999999995;18.0;18.042401401401403;4.247634800851104;0.41279168143449074
349;2;30;18.48599999999999;18.0;18.32412812812812;4.280669121542579;0.412558740480421
350;2;30;18.265000000000004;18.0;17.960735735735742;4.238010822984734;0.4116528947239304
351;2;31;18.10300000000001;18.0;19.686077077077073;4.436899489179023;0.41843569234767236
352;2;31;18.158999999999992;18.0;18.4741931931932;4.2981616062211065;0.4131587373388946
353;2;29;18.12200000000004;18.0;18.173289289289286;4.263014108502256;0.41223315703525304
354;2;32;18.203000000000017;18.0;18.980771771771792;4.356692756182354;0.4144302991896987
355;2;31;18.143999999999977;18.0;17.446710710710704;4.176925988177275;0.4072770123641097
356;2;31;18.480000000000025;19.0;17.66126126126126;4.202530340314185;0.41115614537936207
357;2;30;18.200000000000017;18.0;16.958958958958956;4.118125660899501;0.4074814918730257
358;2;32;18.237999999999975;18.0;18.059415415415423;4.249637092201571;0.4124260180025196
359;2;30;18.294000000000008;18.0;16.868432432432456;4.107119724628497;0.40803628818582754
360;2;32;17.930000000000003;18.0;15.222322322322336;3.901579465078513;0.3987084516316092
361;2;33;18.38399999999998;18.0;17.892436436436437;4.2299452048976285;0.4099468871753826
362;2;32;18.281999999999982;18.0;17.56203803803804;4.190708536517189;0.4108976089021236
363;2;30;18.342;18.0;17.752788788788784;4.2134058419275;0.41070471265576336
364;2;28;18.224000000000036;18.0;16.854678678678663;4.105445003733293;0.40663109871725783
365;2;30;18.078999999999994;18.0;17.98674574574574;4.241078370620583;0.4124182833458359
366;2;32;18.310999999999975;18.0;17.247526526526528;4.153014149569747;0.40880300502251377
367;2;29;18.171000000000006;18.0;17.36512412412412;4.1671482004032585;0.4088312319299405
368;2;31;18.19100000000003;18.0;17.966485485485496;4.2386891234773865;0.4118939046580084
369;2;30;18.37399999999997;18.0;18.256380380380378;4.272748574440155;0.41366310265429673
370;2;29;18.15699999999999;18.0;16.81316416416416;4.100385855521912;0.40697187504196486
371;2;30;18.342999999999996;18.0;17.412763763763753;4.172860381532523;0.40957601452540016
372;2;31;18.530999999999995;19.0;17.260299299299284;4.154551636374169;0.40859525652930306
373;2;33;18.45900000000001;18.0;19.357676676676665;4.399735978064668;0.4167966781654878
374;2;30;18.248999999999985;18.0;17.338337337337343;4.163932917007351;0.4085043936821479
375;2;30;18.220000000000006;18.0;16.554154154154144;4.068679657352511;0.4065646659656487
376;2;29;18.371000000000002;18.0;18.009368368368364;4.243744616299191;0.41091798816473435
377;2;31;18.267000000000007;18.0;18.095806806806813;4.253916643142742;0.4123344007812575
378;2;31;18.225999999999992;18.0;17.630554554554564;4.19887539164412;0.41106918646695406
379;2;33;18.287999999999997;18.0;17.756812812812804;4.21388334114897;0.41055680880730744
380;2;30;18.20300000000003;18.0;17.188979979979976;4.145959476403499;0.40896773635637196
381;2;29;18.357999999999993;18.0;17.447283283283273;4.176994527562045;0.40983687092610166
382;2;30;18.54699999999994;19.0;16.230021021021027;4.028650024638654;0.4043507619319391
383;2;29;18.381;18.0;16.119958958958943;4.014966868974007;0.40464811754114255
384;2;32;18.74499999999997;19.0;16.558533533533513;4.069217803648941;0.4063927635964792
385;2;29;18.284000000000006;18.0;16.684028028028028;4.084608675017477;0.4072789364453508
386;2;30;18.396999999999974;18.0;16.986377377377373;4.121453308892067;0.4083056792421258
387;2;31;18.402999999999988;18.0;15.886477477477488;3.985784424360842;0.4033023737088832
388;2;32;18.523000000000003;18.0;17.294765765765774;4.15869760451103;0.40699076954760866
389;2;30;18.023000000000003;18.0;16.601072072072082;4.074441320239142;0.4059236594769361
390;2;30;18.19599999999996;18.0;17.775359359359356;4.216083414658605;0.4116307218692458
391;2;31;18.160999999999976;18.0;16.83191091091091;4.102671192151634;0.40701548313237146
392;2;32;18.47600000000001;18.0;17.913337337337325;4.232415071485466;0.4114303938330035
393;2;31;18.578999999999986;19.0;17.38514414414414;4.169549633251071;0.4096542486028909
394;2;30;18.561999999999973;18.0;16.78093693693694;4.096454190752893;0.4068012998164721
395;2;30;18.52000000000003;18.0;16.273873873873875;4.034088976940627;0.4052271087172487
396;2;30;18.265999999999988;18.0;16.535779779779777;4.066421003754995;0.40635857756561716
397;2;31;18.32900000000001;18.0;17.017776776776763;4.125260813182212;0.4073808007483566
398;2;31;18.206999999999997;18.0;17.7599109109109;4.214250931175183;0.4109857216980613
399;2;32;18.153999999999996;18.0;18.058342342342357;4.249510835654188;0.4130670340593565
400;2;30;18.172999999999984;18.0;17.794865865865866;4.2183961248163815;0.41057158663568527
401;2;31;18.11899999999998;18.0;17.548387387387386;4.1890795393961415;0.4109402942229977
402;2;30;18.240000000000002;18.0;19.856256256256252;4.456035935251897;0.4189661119063795
403;2;31;18.367000000000022;18.0;18.76307407407406;4.33163641988499;0.4146469873343535
404;2;30;18.13300000000003;18.0;17.342653653653667;4.164451182767505;0.4096983443482848
405;2;30;18.618999999999993;19.0;18.632471471471483;4.316534660056778;0.41431376147837223
406;2;33;18.71900000000002;19.0;17.467506506506503;4.179414612898139;0.408813556447121
407;2;31;18.428000000000015;18.0;16.172988988988994;4.021565489829675;0.4037942099176014
408;2;31;18.70699999999998;19.0;16.916067067067058;4.112914668099383;0.4080016287061339
409;2;31;18.36799999999999;18.0;15.722298298298297;3.9651353442598016;0.4018111511269264
410;2;31;18.225999999999956;18.0;16.49742142142144;4.061701788834507;0.4053463713434501
411;2;33;18.563;19.0;17.259290290290295;4.15443020043547;0.4091826377620191
412;2;31;18.400999999999996;18.0;15.88408308308309;3.9854840462713046;0.40339210209981885
413;2;30;18.399000000000015;18.0;16.568367367367372;4.070425944218537;0.40646499710641776
414;2;30;18.48199999999999;19.0;16.632308308308307;4.07827271137038;0.4059623099043205
415;2;31;18.357000000000024;18.0;16.019570570570583;4.002445573717472;0.40370509425132406
416;2;33;18.303000000000022;19.0;16.24743843843842;4.030811139018848;0.4040700480486633
417;2;29;18.14099999999997;18.0;17.758877877877875;4.214128365140041;0.41062907239123414
418;2;31;18.601999999999986;19.0;16.772368368368358;4.095408205340264;0.4071946534137809
419;2;29;18.242999999999974;18.0;17.469420420420413;4.179643575763418;0.4096772190901803
420;2;28;18.200999999999997;18.0;16.909508508508523;4.112117278058655;0.4071391543258616
421;2;31;18.315999999999992;18.0;16.138282282282283;4.017248098173958;0.40355878010476415
422;2;29;18.426999999999985;18.0;17.01768868868871;4.125250136499448;0.4081420931025579
423;2;31;18.705000000000016;19.0;16.21018518518518;4.026187425491414;0.40452075320796627
424;2;31;18.404000000000014;18.5;17.974758758758767;4.239664934727598;0.4116471525410903
425;2;32;18.157000000000007;18.0;17.40775875875876;4.1722606292942395;0.410326665643913
426;2;29;18.407999999999998;19.0;16.29182782782782;4.036313643391432;0.4052509086186771
427;2;29;18.167999999999996;18.0;18.04181781781782;4.247566105173387;0.41109744344662436
428;2;31;18.26899999999998;18.0;16.615254254254253;4.076181332356824;0.4063789390366967
429;2;33;17.936999999999994;18.0;18.40343443443445;4.2899224275544245;0.4139637950191235
430;2;30;18.152000000000005;18.0;17.616512512512504;4.197202939162283;0.4106460303921366
431;2;30;17.971999999999984;18.0;18.295511511511517;4.277325275392499;0.41274352183720675
432;2;29;17.644000000000013;18.0;17.368632632632618;4.16756915151178;0.40915099689630235
433;2;30;18.22499999999999;18.0;16.24662162162162;4.030709816102075;0.4049827569683039
434;2;30;18.080000000000013;18.0;17.43703703703703;4.175767838019378;0.4099530704900715
435;2;29;17.98500000000001;18.0;17.10588088088088;4.1359256377358715;0.4082490849363089
436;2;30;18.30400000000002;18.0;18.255839839839847;4.272685319543185;0.412806095237081
437;2;32;18.177000000000028;18.0;17.881552552552563;4.228658481427953;0.4125130305663805
438;2;31;17.845999999999997;18.0;17.80008408408409;4.2190145868536755;0.4113215325792437
439;2;31;18.28700000000003;18.0;18.563194194194196;4.308502546615726;0.413472668299786
440;2;30;18.225000000000026;18.0;19.17354854854857;4.378761074613294;0.4149859109461259
441;2;28;17.787999999999993;18.0;17.626682682682688;4.198414305744811;0.4100049801914222
442;2;31;17.880999999999997;18.0;19.44628528528526;4.409794245232453;0.4169172880613726
443;2;31;17.683000000000007;18.0;19.45196296296296;4.410437955913557;0.41699092580068653
444;2;30;17.886;18.0;18.735739739739724;4.328480072697543;0.4144574527270009
445;2;30;18.12400000000002;18.0;16.58721121121121;4.072740012720086;0.40613651801209205
446;2;31;17.918999999999986;18.0;18.739178178178165;4.328877242216296;0.4141943685238769
447;2;30;18.006000000000007;18.0;17.087051051051056;4.1336486366225005;0.4077739496649078
448;2;30;17.998999999999988;18.0;16.99599499499499;4.122619918813156;0.4080326805203705
449;2;30;17.956000000000003;18.0;17.33539939939942;4.163580118047379;0.40937967800138436
450;2;30;18.23;18.0;17.75285285285285;4.213413444329057;0.4105487238027649
451;2;32;17.971999999999973;18.0;16.64385985985987;4.079688696439947;0.4059382551767945
452;2;30;18.008999999999983;18.0;16.823742742742752;4.101675601841612;0.40739328502998373
453;2;29;18.296999999999976;18.0;18.170961961961968;4.262741132412566;0.4115847537920744
454;2;31;17.840000000000018;18.0;15.880280280280294;3.98500693603917;0.4019474608280694
455;2;32;18.368000000000002;18.0;18.000576576576574;4.242708636776343;0.41083753179847693
456;2;33;18.202000000000023;18.0;17.60480080080079;4.19580752666287;0.409734201146481
457;2;34;17.90599999999996;18.0;16.988152152152146;4.121668612607295;0.4065369100453498
458;2;33;18.205999999999985;18.0;18.99455855855856;4.358274722703762;0.41507893988696
459;2;29;17.861999999999988;18.0;17.550506506506522;4.189332465501696;0.41052944221646775
460;2;32;18.130999999999993;18.0;17.24108008008008;4.152237960435322;0.4085725546235014
461;2;29;18.037999999999958;18.0;17.72428028028028;4.210021410905208;0.4110935457364008
462;2;32;18.064999999999987;18.0;18.03080580580581;4.246269634138394;0.41195803033001704
463;2;30;18.127000000000002;18.0;17.484355355355355;4.181429821885733;0.4103996710377343
464;2;34;18.25599999999997;18.0;17.9303943943944;4.234429642158953;0.4113289494293637
465;2;33;18.129999999999995;18.0;16.51561561561562;4.063940897160737;0.4057981858863511
466;2;33;18.497999999999998;18.0;17.64964564564566;4.201148134218271;0.41005329856578027
467;2;33;18.298999999999975;18.0;17.815414414414416;4.220831009933283;0.41118790818017537
468;2;33;18.048999999999975;18.0;17.21981881881883;4.149676953549376;0.4082889247109056
469;2;31;18.36799999999998;18.0;18.68526126126127;4.322645169483758;0.4137831918279601
470;2;31;18.048999999999992;18.0;16.447046046046033;4.0554957830142095;0.40579043414094096
471;2;31;18.28199999999999;18.0;17.295771771771765;4.158818554802766;0.4087231888015857
472;2;31;18.338000000000008;18.0;17.09485085085086;4.13459198118156;0.40800554270500394
473;2;29;18.09300000000002;18.0;17.589940940940945;4.194036354270304;0.41008864152820407
474;2;30;18.035000000000025;18.0;17.809584584584588;4.220140351289823;0.41062354583855337
475;2;32;17.87;18.0;17.620720720720723;4.1977042202519135;0.4106605672044295
476;2;29;17.899999999999995;18.0;17.3993993993994;4.171258730814884;0.4096283864284296
477;2;31;18.271000000000015;18.0;18.496055055055056;4.30070401853639;0.41279764637446303
478;2;31;18.08900000000003;18.0;18.503582582582595;4.301579080126576;0.41451445093379824
479;2;30;18.161000000000012;18.0;17.538617617617618;4.187913277232185;0.41002396224120896
480;2;32;18.34999999999998;18.0;18.259759759759753;4.273144013458913;0.4129105615284978
481;2;33;17.88500000000001;18.0;18.398173173173163;4.289309172019798;0.4144002454216388
482;2;31;18.478000000000037;19.0;19.05457057057055;4.365154129073858;0.4157017232218603
483;2;31;17.93899999999999;18.0;18.051330330330327;4.248685717999194;0.411389963414039
484;2;31;18.057000000000013;18.0;17.895646646646654;4.230324650265823;0.41188749222926574
485;2;31;18.229000000000035;18.0;18.551110110110105;4.3070999651865645;0.41331992493278347
486;2;29;17.991000000000025;18.0;17.090009009009012;4.134006411341063;0.40792051774236116
487;2;31;18.13699999999999;18.0;17.057288288288305;4.130047007999825;0.4088351897509802
488;2;32;18.057999999999996;18.0;15.494130130130129;3.9362583921955796;0.40113648887524295
489;2;30;18.27000000000001;18.0;18.131231231231233;4.258078349588137;0.4126910636363263
490;2;30;18.06000000000001;18.0;17.579979979979978;4.192848671247267;0.4099707768339333
491;2;31;18.087000000000018;18.0;18.672103103103098;4.321122898403041;0.41337434334277195
492;2;31;18.29099999999998;18.0;16.965284284284294;4.118893575255895;0.40746170460622116
493;2;30;18.067000000000007;18.0;16.995506506506505;4.122560673477894;0.408036554066236
494;2;32;18.202000000000016;18.0;17.314510510510512;4.161070836997433;0.407870928656369
495;2;31;18.015999999999977;18.0;17.068812812812805;4.131441977422992;0.4081315994003261
496;2;29;18.091999999999995;18.0;17.477013013012996;4.180551759398871;0.40931382038051345
497;2;29;18.145000000000017;18.0;17.519494494494495;4.185629521887298;0.4098828401550239
498;2;30;17.92299999999999;18.0;16.68775875875876;4.085065331027003;0.40621312046652946
499;2;31;17.844999999999978;18.0;18.47945445445444;4.298773598883109;0.413196961405632
500;2;30;18.022999999999985;18.0;18.6291001001001;4.316144124111253;0.41415483175895934
501;2;32;18.18000000000002;18.0;18.317917917917914;4.279943681629224;0.4123877722278202
502;2;31;18.251999999999995;18.0;18.7312272272272;4.327958782986178;0.4154455368310389
503;2;31;18.112999999999985;18.0;20.232463463463436;4.4980510739056125;0.4204375443177668
504;2;32;18.187999999999988;18.0;18.621277277277276;4.315237800779614;0.41363145179457594
505;2;33;18.195999999999998;18.0;18.756340340340333;4.3308590764812855;0.41493248734240096
506;2;30;18.287999999999982;18.0;18.55961561561562;4.308087233983966;0.41425613705737074
507;2;31;18.148999999999987;18.0;18.239038038038032;4.2707186793370076;0.41225459623363214
508;2;30;18.262000000000004;18.0;18.62397997997998;4.315550947443441;0.4143613415233505
509;2;31;18.357999999999993;18.0;18.466302302302314;4.29724357027878;0.4135506518505427
510;2;31;18.444999999999983;18.0;17.528503503503508;4.186705566851281;0.41000752679169
511;2;30;18.18700000000001;18.0;17.673704704704708;4.2040105500230025;0.4095694776995775
512;2;29;18.21200000000001;18.0;18.369425425425437;4.285956768963662;0.4124461224082906
513;2;33;18.092000000000027;18.0;17.789325325325326;4.217739361947976;0.4107007567866117
514;2;30;18.31100000000001;18.0;17.667946946946945;4.203325700792997;0.4100119591574467
515;2;31;18.083999999999953;18.0;18.085029029029013;4.252649648046382;0.4116631788115022
516;2;30;18.12999999999999;18.0;18.97807807807807;4.356383600887102;0.4153152128638979
517;2;32;18.114999999999995;18.0;20.30007507507505;4.505560461815494;0.4180390912168486
518;2;31;18.193999999999992;18.0;17.9282922922923;4.234181419388204;0.410642721598811
519;2;31;18.266000000000002;18.0;17.306550550550554;4.1601142472954455;0.40842253184201127
520;2;30;18.375999999999983;18.0;18.128752752752767;4.257787307129464;0.41290013387213925
521;2;30;18.318;18.0;19.15403003003003;4.376531735293374;0.41520072471085673
522;2;32;18.439999999999994;18.0;17.11151151151151;4.136606279489445;0.40872247827583263
523;2;32;18.373000000000005;18.0;18.766637637637643;4.332047741846533;0.41515750585530536
524;2;29;18.10800000000003;18.0;17.87220820820821;4.227553454210628;0.4116632682876271
525;2;30;18.255000000000024;18.0;18.878853853853848;4.344980305347062;0.4151382305963025
526;2;29;18.161000000000044;18.0;17.90097997997998;4.230954972577702;0.4114299813327837
527;2;31;18.454999999999988;19.0;19.000975975975972;4.359010894225428;0.41529510159253413
528;2;33;18.264000000000006;18.0;19.611915915915898;4.428534285281745;0.41828623056911135
529;2;32;17.92500000000001;18.0;18.401776776776792;4.289729219516867;0.4128228171453872
530;2;31;18.314999999999994;18.0;19.220995995995985;4.384175634711272;0.4159144308720326
531;2;31;17.955;18.0;17.770745745745753;4.215536234661701;0.4102585910637269
532;2;29;18.010000000000012;18.0;18.26816816816817;4.274127766944757;0.41250487467122987
533;2;30;18.387999999999998;18.0;17.418874874874884;4.173592562154922;0.40946735065190754
534;2;30;18.482999999999997;18.0;17.979690690690685;4.24024653654604;0.41122357733397075
535;2;29;18.21300000000002;18.0;16.303934934934926;4.037813137694082;0.4042397289649075
536;2;33;18.268;18.0;17.99216816816816;4.2417175964658655;0.41080035826443095
537;2;30;18.419999999999998;18.0;17.244844844844852;4.152691277333875;0.4091891868051417
538;2;32;18.06999999999999;18.0;17.39449449449449;4.170670748751871;0.41015931776237863
539;2;31;18.221999999999984;18.0;18.13284884884885;4.258268292257881;0.41124613787587905
540;2;31;18.231999999999985;18.0;17.942118118118117;4.235813749224358;0.4111951298591897
541;2;28;18.313999999999993;18.0;16.04344744744744;4.0054272490518965;0.4033389159864107
542;2;32;18.102999999999998;18.0;17.39378478478478;4.170585664482242;0.4085605145672459
543;2;31;18.32599999999999;18.0;18.00372772772773;4.2430799813022295;0.4118119002884857
544;2;31;18.516999999999985;18.5;16.586297297297296;4.072627812272722;0.4041275004199193
545;2;32;18.268000000000008;18.0;16.93911511511511;4.115715626123252;0.40783315901021494
546;2;29;18.401;19.0;16.00019919919919;4.000024899822399;0.40318784316119455
547;2;30;18.41900000000002;18.0;17.68912812812812;4.205844520203775;0.41081069628610667
548;2;33;18.48900000000002;18.0;17.879758758758772;4.228446376479046;0.4115725431028316
549;2;32;18.255000000000024;18.0;16.802777777777784;4.099119146570124;0.40707014194852614
550;2;33;18.49900000000002;18.0;17.201200200200194;4.147432965124354;0.4082338850535082
551;2;31;18.489;18.0;17.431310310310323;4.175082072284367;0.4092543319156451
552;2;30;18.14299999999999;18.0;17.996547547547546;4.242233792183965;0.4121067365439289
553;2;31;18.517000000000003;19.0;18.322033033033037;4.280424398705464;0.41339678979634253
554;2;30;18.541000000000015;18.0;17.11943843843844;4.137564312302401;0.4091920996479964
555;2;31;18.67000000000001;19.0;18.041141141141136;4.247486449788997;0.4113263958233055
556;2;31;18.128;18.0;17.370986986986992;4.167851603282799;0.40932901487147205
557;2;31;18.20900000000002;18.0;17.11843743743743;4.137443345526006;0.406867641384123
558;2;30;18.422999999999988;18.0;18.222293293293287;4.268757816191179;0.41258183828082784
559;2;31;18.296;18.0;17.445829829829812;4.176820540773785;0.408494198690838
560;2;32;18.267999999999983;18.0;17.495671671671666;4.1827827664931;0.41030222774944464
561;2;31;18.25399999999999;18.0;18.361845845845842;4.285072443476988;0.41373436347668685
562;2;31;18.37000000000002;18.0;17.91501501501503;4.232613260742709;0.4113739706164244
563;2;31;18.389999999999986;18.0;18.08598598598598;4.252762159583578;0.41105788732345655
564;2;30;18.375999999999987;18.0;17.772396396396406;4.2157320119282256;0.4100895921709436
565;2;31;18.374;18.0;18.63275675675676;4.316567705568483;0.41440443292074225
566;2;30;18.429;18.0;17.25821721721723;4.154301050383474;0.4094413700302315
567;2;30;18.123000000000026;18.0;16.75462562562563;4.093241457039351;0.40612588957733664
568;2;31;18.295000000000016;18.0;15.60157657657657;3.9498831092295084;0.4016391968891887
569;2;31;18.35599999999998;18.0;16.59185585585584;4.073310184095466;0.40616372418059443
570;2;30;18.297000000000008;18.0;16.54733833833835;4.0678419755858695;0.4063040779820585
571;2;29;18.319000000000003;18.0;16.66590490490489;4.082389607191466;0.4066167816410425
572;2;32;18.22600000000006;18.0;17.212136136136124;4.148751153797504;0.40958107862499216
573;2;34;18.521999999999988;18.0;17.016532532532526;4.125110002476604;0.408087623093987
574;2;31;18.501999999999995;18.0;16.306302302302296;4.0381062767468485;0.4049506501448968
575;2;31;18.337000000000007;18.0;16.479910910910924;4.059545653261079;0.40567124906886937
576;2;31;18.05799999999999;18.0;16.777413413413413;4.096024098246177;0.4065943098447973
577;2;28;18.024000000000004;18.0;17.31073473473474;4.160617109844973;0.40820422312384325
578;2;31;18.337000000000007;18.0;16.940371371371363;4.115868240283132;0.4079196882963663
579;2;32;18.15400000000001;18.0;17.307591591591592;4.160239367102762;0.40802977638201293
580;2;28;18.135000000000005;18.0;16.569344344344344;4.070545951631592;0.4057439580356508
581;2;31;18.291999999999977;18.0;18.21495095095093;4.267897720301053;0.41194682325517573
582;2;32;18.461999999999996;18.0;18.424980980980976;4.292432990855067;0.41302288394696024
583;2;31;18.432999999999986;18.0;17.927438438438426;4.234080589506821;0.4119248650856327
584;2;33;18.292999999999996;18.0;17.53268368368368;4.187204757792921;0.4097981113518513
585;2;32;18.422000000000008;19.0;17.32323923923924;4.162119560901541;0.4091022556240794
586;2;31;18.456000000000003;18.0;18.316380380380398;4.279764056625131;0.4126178859087274
587;2;33;17.959000000000014;18.0;16.523842842842843;4.0649529939278315;0.40598717974285353
588;2;30;18.24900000000001;18.0;17.386385385385395;4.169698476555037;0.4099163108925592
589;2;31;18.215999999999998;18.0;17.210554554554548;4.148560540061402;0.40776370367564324
590;2;31;18.066;18.0;16.716360360360362;4.088564584345019;0.4061987433041675
591;2;30;18.249000000000002;18.0;15.924923923923922;3.990604455959513;0.40332355799244485
592;2;31;18.15000000000002;18.0;16.4059059059059;4.050420460385057;0.40549772068388695
593;2;29;18.05099999999998;18.0;15.668067067067067;3.958290927542728;0.4024989266953484
594;2;32;18.043000000000006;18.0;16.485636636636624;4.060250809572806;0.40571772480056234
595;2;29;18.068;18.0;15.651027027027014;3.9561378928226216;0.40260181921192867
596;2;32;18.38699999999998;18.0;16.461692692692708;4.057301158737506;0.4056585548014557
597;2;30;18.090000000000003;18.0;16.752652652652653;4.093000446207238;0.4067782857422048
598;2;32;17.887999999999963;18.0;16.570026026026014;4.070629684216684;0.4066341333855718
599;2;31;18.038999999999973;18.0;18.423902902902906;4.292307410112061;0.4139253349092601
600;2;31;17.908999999999992;18.0;18.07279179179181;4.2512106266088265;0.41267262733508936
601;2;31;18.119;18.0;18.05689589589589;4.249340642487478;0.41168220310221404
602;2;31;18.011000000000003;18.0;18.49337237237238;4.300392118443663;0.4147898226769896
603;2;31;18.448000000000015;18.0;17.460756756756744;4.178607035455325;0.4100903087053065
604;2;30;18.16300000000002;18.0;16.492923923923925;4.061148104160193;0.4060745119173926
605;2;31;18.267999999999997;18.0;17.952128128128113;4.236995176788394;0.4121487582178906
606;2;32;18.418000000000006;18.0;17.58886486486487;4.193908065857532;0.41096298476225546
607;2;31;18.18399999999999;18.0;17.860004004004022;4.22610979554531;0.41180742610615734
608;2;32;18.296000000000017;18.0;17.97235635635635;4.239381600700313;0.4119204625850404
609;2;30;18.131999999999994;18.0;16.51909509509511;4.064368966407345;0.4061445132846246
610;2;32;18.022999999999996;18.0;17.620091091091087;4.197629222679284;0.4113111616710052
611;2;30;18.146000000000004;18.0;15.720404404404416;3.9648965187510776;0.4008451273134509
612;2;31;18.415000000000017;19.0;16.9297047047047;4.114572238362659;0.40769834136100264
613;2;30;18.097999999999992;18.0;16.73312912912912;4.090614761760037;0.407303810251068
614;2;32;18.136000000000024;18.0;16.44995395395394;4.055854281646956;0.40614885165671155
615;2;29;18.433000000000025;18.0;16.91642742742742;4.112958476258594;0.4066618052099394
616;2;30;18.12399999999999;18.0;16.016640640640656;4.002079539519506;0.40195426835295717
617;2;31;18.288000000000007;18.0;16.75781381381382;4.093630883923686;0.40708412189619103
618;2;28;17.96000000000002;18.0;16.034434434434445;4.004301990913578;0.40190770913793517
619;2;30;18.09900000000001;18.0;16.858057057057053;4.105856434053321;0.4073062457401889
620;2;29;18.066000000000034;18.0;17.34098498498499;4.1642508311802;0.40903458361572353
621;2;31;18.166000000000004;18.0;17.385829829829813;4.1696318578298746;0.40974974937825237
622;2;31;18.114999999999984;18.0;17.5293043043043;4.18680120190872;0.41087333866532755
623;2;30;18.09899999999999;18.0;18.047246246246257;4.248205061699148;0.41263917776579334
624;2;30;17.82199999999999;18.0;18.26858458458459;4.274176480280686;0.41351835680320137
625;2;29;17.448999999999987;17.0;17.594993993993995;4.194638720318354;0.41005789851797
626;2;30;17.828999999999983;18.0;19.447206206206225;4.4098986616708356;0.41602376192514195
627;2;30;17.734000000000005;18.0;19.881125125125134;4.458825532034768;0.4185014252588282
628;2;31;17.964000000000006;18.0;18.799503503503523;4.335839423168658;0.4147017403503877
629;2;32;17.862000000000034;18.0;20.045001001000998;4.477164392894346;0.4186727083115404
630;2;31;17.71800000000001;18.0;19.862338338338358;4.456718337335035;0.4185122784023164
631;2;30;17.761000000000006;18.0;20.400279279279285;4.5166668328845425;0.4214215631637536
632;2;29;17.851000000000017;18.0;20.182981981981975;4.492547382274557;0.419162824579633
633;2;30;17.68000000000001;18.0;19.983583583583577;4.470300167056299;0.4189300989605055
634;2;33;17.692000000000007;18.0;18.978114114114117;4.356387736888685;0.41497709142827777
635;2;30;18.062999999999995;18.0;19.03606706706706;4.363034158365834;0.41486147376215393
636;2;30;17.781000000000027;18.0;19.45449349349349;4.4107248263174945;0.4170477025043153
637;2;29;17.647000000000006;18.0;19.78017117117119;4.447490435197269;0.41868466611580857
638;2;29;17.714;18.0;19.978182182182163;4.469695983194177;0.4184635613848304
639;2;30;17.52800000000002;17.0;19.508724724724733;4.416868203232323;0.41748563776181236
640;2;31;17.687000000000005;18.0;19.920951951951967;4.46328936457765;0.4183137919961865
641;2;31;17.63099999999998;18.0;20.38722622622625;4.515221614298267;0.42074510999686254
642;2;30;17.76700000000002;18.0;19.638349349349355;4.4315177252662945;0.4171108537529039
643;2;31;18.166999999999994;18.0;18.467578578578593;4.297392067123803;0.41488538838806177
644;2;31;17.820999999999977;18.0;18.395354354354346;4.288980572858118;0.41348157047000866
645;2;29;17.961000000000006;18.0;18.387866866866865;4.28810760905867;0.41297275911099146
646;2;29;17.987999999999996;18.0;19.118974974974982;4.37252501136071;0.41673125519827925
647;2;30;18.181;18.0;20.060299299299302;4.478872547784688;0.4195766925621694
648;2;30;18.26500000000001;18.0;19.043818818818824;4.36392241209887;0.4155621624841084
649;2;30;18.132000000000023;18.0;19.06564164164164;4.366422064075075;0.4158244294860881
650;2;30;18.156000000000006;18.0;18.554218218218224;4.307460762237797;0.413700168491826
651;2;31;17.868999999999975;18.0;18.059898898898897;4.249693977088103;0.41283699836239524
652;2;30;17.85200000000001;18.0;17.523619619619613;4.18612226524974;0.40930392288613426
653;2;30;18.182000000000016;18.0;18.295171171171187;4.277285490959329;0.41327876103442546
654;2;31;18.044999999999998;18.0;17.14211711711713;4.14030398849132;0.4078247773664086
655;2;31;18.130999999999986;18.0;17.54738638638639;4.188960060251994;0.4097595044475008
656;2;30;18.037999999999993;18.0;16.593149149149145;4.073468933126795;0.40562760686783755
657;2;31;18.393999999999995;19.0;16.299063063063056;4.037209811622756;0.404663009757961
658;2;30;18.123;18.0;16.658529529529545;4.081486191270227;0.40630755523002476
659;2;29;18.35800000000003;18.0;15.875711711711721;3.984433675155319;0.4027931460613257
660;2;30;18.256000000000007;18.0;16.699163163163167;4.086460958233073;0.4063260582756783
661;2;33;18.48499999999996;19.0;16.60437937937938;4.074847160247778;0.4059011417977235
662;2;30;18.596999999999976;19.0;16.805396396396393;4.0994385464837;0.4077039346255251
663;2;29;17.885000000000005;18.0;14.880655655655666;3.85754528886644;0.3986871339016529
664;2;29;18.290000000000003;18.0;16.542442442442436;4.0672401505741504;0.40579940904731215
665;2;30;18.291000000000018;18.0;15.133452452452474;3.8901738331920943;0.3996627923308883
666;2;30;18.28300000000001;18.0;15.480391391391398;3.934512853123166;0.4011306141141804
667;2;30;18.116000000000014;18.0;14.97952352352352;3.87033894168502;0.3990335537231825
668;2;33;18.03399999999998;18.0;15.660504504504507;3.9573355309481286;0.40192540755223877
669;2;30;18.527000000000022;19.0;16.19947047047048;4.024856577627392;0.40425575270020847
670;2;29;18.276999999999987;18.0;15.063334334334339;3.8811511609745812;0.39897555501830206
671;2;29;18.044000000000008;18.0;15.835899899899914;3.9794346206339304;0.40275451092348286
672;2;29;18.268000000000008;18.0;16.110286286286296;4.013762111322281;0.40432828047673186
673;2;30;18.136000000000024;18.0;15.296800800800803;3.9111124761122382;0.4002189367051036
674;2;29;18.021;18.0;15.28584484484484;3.909711606352167;0.3997517459918138
675;2;29;18.367000000000004;18.5;15.930241241241243;3.9912706299174006;0.40249310016565903
676;2;29;18.46999999999998;18.0;14.039139139139136;3.746883923894512;0.39301825130874607
677;2;30;18.007999999999992;18.0;15.203139139139147;3.899120303240097;0.39957199919289565
678;2;31;18.35700000000001;18.0;14.726277277277273;3.83748319569966;0.3974195676330686
679;2;30;18.42699999999999;18.0;15.257928928928925;3.906139901351323;0.39904927956304254
680;2;32;18.30400000000001;18.0;16.065649649649647;4.008197805703911;0.4039149137667192
681;2;30;18.39200000000001;18.0;16.060396396396403;4.00754243850223;0.4035720738785427
682;2;32;18.544999999999995;19.0;15.915890890890896;3.989472507849991;0.40290699301955935
683;2;30;18.419999999999998;18.0;15.693293293293307;3.961476150791938;0.40181781376155556
684;2;30;18.54799999999995;18.0;15.697393393393403;3.9619936134973015;0.401423198555063
685;2;29;18.158000000000015;18.0;14.01304904904904;3.7434007331635013;0.39372628920550945
686;2;30;18.43;18.0;14.577677677677684;3.8180725081744695;0.39613918268084297
687;2;31;18.462999999999976;18.0;14.445076076076067;3.8006678460602243;0.3962990744249198
688;2;29;18.577999999999996;19.0;14.354270270270272;3.788702979948451;0.3949312474847564
689;2;29;18.536000000000012;18.0;12.771475475475471;3.573720117115423;0.3872822298878741
690;2;30;18.494999999999994;18.0;13.795770770770773;3.7142658454627036;0.3925711755624265
691;2;31;18.497000000000014;18.0;14.832823823823816;3.851340522963896;0.39838774677583844
692;2;31;18.406999999999982;18.0;15.07042142142142;3.8820640671453917;0.3981979260699099
693;2;34;18.488000000000024;18.0;15.03288888888889;3.877226958650846;0.3981490030281153
694;2;31;18.485999999999986;18.0;14.674478478478479;3.8307281916730243;0.3969089116602722
695;2;30;18.446999999999996;18.0;14.755946946946962;3.8413470224580024;0.39823526490270855
696;2;31;18.326000000000004;18.0;15.182906906906904;3.8965249783501843;0.3996597416632678
697;2;29;18.538000000000007;18.0;15.411967967967952;3.9258079382425155;0.4003425748140548
698;2;29;18.444000000000013;18.0;15.049913913913924;3.8794218530489726;0.3996269651423334
699;2;31;18.422999999999988;18.0;15.225296296296298;3.9019605708279905;0.4000412299070614
700;2;31;18.395999999999965;18.0;14.079263263263275;3.752234436074494;0.394128500739202
701;2;30;17.99699999999999;18.0;14.851842842842842;3.8538088747163943;0.3983501859469345
702;2;31;18.093;18.0;15.333684684684686;3.9158249047531077;0.40136519359104855
703;2;30;18.294999999999973;18.0;15.207182182182166;3.899638724572081;0.3996623421902959
704;2;30;18.018999999999995;18.0;16.97561461461461;4.120147402049423;0.40709534337027886
705;2;30;18.20599999999998;18.0;15.392956956956954;3.9233859046691997;0.40149932062422267
706;2;32;18.363999999999994;18.0;15.835339339339345;3.9793641878244;0.4028079734548694
707;2;29;18.232999999999997;18.0;16.05676776776776;4.007089688011457;0.40324045076477233
708;2;31;18.23199999999998;18.0;17.055231231231232;4.12979796494105;0.40854574381259734
709;2;32;18.373999999999988;18.0;15.253377377377381;3.9055572428755134;0.3996914384269445
710;2;30;18.467999999999993;18.0;17.632608608608628;4.1991199802587955;0.4104313843064036
711;2;35;18.33600000000002;18.0;17.66476876876876;4.202947628601713;0.41099157233165257
712;2;31;18.377;18.0;16.947818818818824;4.116772864613595;0.40781181178489867
713;2;30;18.21100000000001;18.0;17.26374274274275;4.154966033885566;0.40837570605863177
714;2;29;18.497999999999987;18.0;15.661657657657663;3.957481226444121;0.4008653196820169
715;2;30;18.241;18.0;16.085004004003995;4.010611425207383;0.4039312680331085
716;2;31;18.440999999999992;18.0;16.779298298298293;4.096254178917404;0.4058445232393146
717;2;31;18.33700000000001;18.0;15.75318418418418;3.9690281158218292;0.4021574889813627
718;2;30;18.34599999999997;18.0;16.65093493493492;4.0805557139849125;0.40644529926130596
719;2;30;18.218000000000025;18.0;15.670146146146145;3.958553542159831;0.4012869918864051
720;2;29;18.224999999999984;18.0;16.01438938938939;4.0017982694520455;0.4036025650584438
721;2;29;18.071000000000033;18.0;17.551510510510507;4.1894522924256465;0.40981508115976495
722;2;32;18.12000000000001;18.0;16.826426426426433;4.10200273359568;0.4063092479072432
723;2;30;18.185000000000006;18.0;17.348123123123134;4.165107816506451;0.40854937091388954
724;2;30;18.61300000000001;19.0;17.3645955955956;4.16708478382617;0.4079325537463937
725;2;30;18.35799999999999;18.0;15.203039039039053;3.8991074669774175;0.3989187166920881
726;2;32;18.391000000000005;18.0;16.60672572572573;4.075135056133199;0.4067715880654657
727;2;30;18.547000000000025;19.0;16.334125125125134;4.041549841969679;0.40543624559518565
728;2;31;18.726999999999997;19.0;16.549020020020016;4.068048674735839;0.40585588233699
729;2;29;18.438999999999982;19.0;16.00027927927928;4.000034909757574;0.4025614046653312
730;2;30;18.19399999999998;18.0;15.836200200200208;3.9794723519833894;0.4038002976493227
731;2;30;18.127999999999986;18.0;16.936552552552563;4.11540430001143;0.4067306279255454
732;2;32;18.376999999999992;18.0;16.29917017017019;4.037223076592398;0.404188517424973
733;2;29;18.29100000000003;18.0;15.507826826826836;3.9379978195558762;0.40113908628934863
734;2;30;18.401;18.0;16.296495495495485;4.036891811220048;0.40481321917159113
735;2;30;18.527999999999984;19.0;15.552768768768775;3.9436998832021657;0.4013114849178168
736;2;29;18.149000000000008;18.0;15.874673673673668;3.984303411347292;0.4026845001329767
737;2;31;18.249000000000002;18.0;15.914913913913924;3.9893500615907254;0.40349753068544714
738;2;31;18.309999999999988;18.0;16.05795795795797;4.007238195809924;0.40395525880318844
739;2;31;18.156;18.0;17.66332732732733;4.202776145279134;0.41049808242659747
740;2;30;18.104999999999986;18.0;17.4274024024024;4.174614042328033;0.40958454263495453
741;2;30;18.266000000000005;18.0;15.845089089089088;3.980589037955198;0.402460592312842
742;2;29;18.341;18.0;16.45517417417417;4.056497771991768;0.40529189653728
743;2;29;18.011999999999983;18.0;15.957813813813829;3.994723246210409;0.4037912023962636
744;2;30;18.337000000000003;18.0;16.095526526526534;4.011923045937762;0.4034861882726012
745;2;31;18.08700000000002;18.0;16.766197197197194;4.094654710375124;0.40730876594031235
746;2;31;18.158000000000023;18.0;15.848884884884894;3.9810657976080845;0.40306976427237023
747;2;30;18.27999999999996;18.0;15.903503503503504;3.9879196962205126;0.4029274145190864
748;2;31;18.579000000000015;19.0;16.6343933933934;4.078528336715757;0.4058027023654171
749;2;29;18.268000000000008;18.0;16.79697297297297;4.0984110302619685;0.4066838251566838
750;2;29;18.329999999999995;18.0;17.39649649649649;4.170910751442242;0.40844842730095604
751;2;31;18.19099999999998;18.0;17.397916916916902;4.171081024976247;0.41031925602732655
752;2;30;18.242999999999984;18.0;16.56651751751752;4.07019870737505;0.4061820273268787
753;2;30;18.219;18.0;15.932971971971973;3.9916127031529465;0.40287660845139217
754;2;32;18.31600000000001;18.0;17.189333333333337;4.1460020903677;0.4082171599111933
755;2;30;18.17600000000001;18.0;17.290314314314312;4.158162372288306;0.40930376264476986
756;2;30;18.15099999999997;18.0;17.733932932932913;4.211167644838295;0.4108896182843465
757;2;29;18.234000000000016;18.0;16.788032032032028;4.097320103681433;0.40608523124111606
758;2;31;18.07300000000001;18.0;17.58125225225227;4.193000387819237;0.4106420623701802
759;2;29;18.421999999999997;18.0;16.49841441441441;4.06182402553513;0.40464256953678457
760;2;29;18.388000000000016;18.0;15.863319319319329;3.982878270713195;0.40260720418956486
761;2;30;18.518000000000015;19.0;16.15783383383384;4.019680812431982;0.40414553523586877
762;2;31;18.25699999999998;18.0;16.4594104104104;4.057019892779723;0.4049793530940357
763;2;32;18.309000000000008;18.0;17.525044044044044;4.186292398297573;0.4097311605540639
764;2;29;17.94899999999999;18.0;16.366765765765773;4.045585960743607;0.40542278468087567
765;2;31;18.357000000000028;18.0;17.637188188188173;4.19966524715818;0.41033315813919724
766;2;31;18.22100000000001;18.0;17.227386386386396;4.150588679499138;0.40911074372595335
767;2;31;18.413000000000007;18.0;15.644075075075058;3.9552591666128603;0.4018827422103978
768;2;30;18.32300000000001;18.0;15.984655655655656;3.998081496875177;0.403046289601146
769;2;31;18.821000000000012;19.0;16.75171071071072;4.092885377177172;0.4071723259139611
770;2;30;18.368000000000027;18.0;16.435011011011017;4.0540117181639985;0.4056279613656001
771;2;30;18.511000000000028;19.0;14.838717717717719;3.8521056213086524;0.3984388932157689
772;2;30;18.44299999999998;19.0;14.921672672672683;3.8628580963675954;0.3994779305415142
773;2;32;18.38900000000001;18.0;15.679358358358355;3.959716954323674;0.4016959509108895
774;2;31;18.365;18.0;17.33511011011012;4.1635453774529845;0.4089581625735409
775;2;30;18.295999999999985;18.0;16.298682682682685;4.037162702032541;0.4049502105614628
776;2;30;18.286999999999978;18.0;16.176807807807805;4.022040254374365;0.404470847025645
777;2;31;18.648999999999983;19.0;17.102901901901884;4.1355654875605445;0.40805586928183696
778;2;31;18.418000000000003;19.0;16.890166166166157;4.109764733675902;0.4069085283226431
779;2;32;18.447000000000017;18.0;15.887078078078078;3.9858597664842748;0.40234996549089874
780;2;30;18.682999999999975;19.0;16.663174174174166;4.08205514100118;0.40609309935154203
781;2;30;18.493000000000045;19.0;16.130081081081094;4.016227219802323;0.40434328140619696
782;2;30;18.05200000000002;18.0;15.909205205205216;3.9886345038377753;0.4033378187139881
783;2;29;18.380000000000003;18.0;15.64924924924925;3.955913200418994;0.4028554652687836
784;2;30;18.36300000000003;18.0;16.277508508508518;4.03453944193244;0.4047218356014141
785;2;31;18.374000000000006;18.0;16.338462462462466;4.042086399678076;0.4047564082905932
786;2;30;18.106;18.0;16.761525525525528;4.094084210849299;0.40766881126012816
787;2;30;18.23800000000001;18.0;16.976332332332333;4.120234499677456;0.40788680034441055
788;2;32;18.616;19.0;17.45800200200202;4.178277396487938;0.40921443134887425
789;2;31;18.352000000000004;18.0;16.878974974974987;4.108402971347259;0.4077531571374213
790;2;31;18.436999999999987;18.0;16.1581891891892;4.019725014125867;0.40444524711332414
791;2;30;18.334999999999997;18.0;16.98976476476476;4.121864234149975;0.40853067689128
792;2;29;18.42899999999999;18.0;15.992951951951941;3.99911889695117;0.4035183955850119
793;2;35;17.952999999999996;18.0;14.955746746746753;3.8672660558522156;0.3984994566717377
794;2;32;18.09799999999999;18.0;16.476872872872885;4.059171451524668;0.4061812756152837
795;2;32;18.108999999999995;18.0;16.29741641641641;4.037005872725033;0.4047645957940403
796;2;32;18.43799999999998;18.0;18.286442442442443;4.276265010782475;0.41302958557972536
797;2;31;18.21300000000001;18.0;16.672303303303302;4.08317319046147;0.40695646842681504
798;2;31;18.098;18.0;17.40179779779779;4.171546211873697;0.40902809010026303
799;2;29;17.976000000000017;18.0;16.381805805805797;4.047444354874542;0.40497238046495654
800;2;30;18.38800000000001;18.0;16.796252252252266;4.0983231024715785;0.40656829527715227
801;2;31;18.31700000000002;18.0;17.950461461461447;4.2367984919584565;0.4111321138180445
802;2;32;17.854000000000006;18.0;15.924608608608612;3.9905649485515973;0.4033152107234734
803;2;29;18.053000000000015;18.0;17.359550550550548;4.166479395190926;0.4080290948243955
804;2;29;18.102000000000004;18.0;17.038634634634633;4.127788104376802;0.4082235285611649
805;2;29;18.005;18.0;17.26223723723723;4.154784860523734;0.4090405395754182
806;2;32;18.07900000000002;18.0;17.658417417417418;4.202191977696571;0.41126421310406813
807;2;30;17.884999999999984;18.0;18.34411911911911;4.2830035161226645;0.41334263217652606
808;2;29;17.781;18.0;17.704743743743755;4.207700529237288;0.4100069987338367
809;2;30;18.232000000000017;18.0;16.7249009009009;4.089608893390772;0.406620976925586
810;2;29;18.329000000000008;19.0;16.010769769769773;4.001345994758485;0.40364443345512596
811;2;30;18.026;18.0;15.662986986986983;3.957649174318889;0.40224959671422134
812;2;30;17.853999999999996;18.0;17.876560560560566;4.2280681830548295;0.41157217959186565
813;2;32;17.844999999999995;18.0;17.402377377377373;4.171615679491266;0.4093234311650283
814;2;31;18.24700000000001;18.0;17.817808808808813;4.221114640566969;0.4118171449007648
815;2;29;18.217000000000034;18.0;18.102013013013032;4.254646050262352;0.41146915406793827
816;2;30;18.301000000000002;18.0;18.62902802802802;4.31613577497604;0.41272881189922794
817;2;30;17.943999999999996;18.0;16.39726126126126;4.049353190481321;0.4046526202873973
818;2;30;17.941000000000013;18.0;16.411930930930936;4.051164145147779;0.405140962521451
819;2;32;18.278000000000027;18.0;17.448164164164165;4.177099970573384;0.4104523648344926
820;2;30;18.57500000000001;19.0;16.9192942942943;4.113306977882188;0.4077144849002747
821;2;29;17.99599999999999;18.0;17.875859859859872;4.227985319257846;0.4107954389337571
822;2;31;18.253;18.0;16.943934934934934;4.116301122966459;0.4081283816511142
823;2;30;17.95299999999997;18.0;17.075866866866857;4.132295592871698;0.40680908129265997
824;2;31;18.340000000000014;18.0;17.137537537537558;4.1397509028367345;0.40784430954669926
825;2;30;18.097999999999974;18.0;18.647043043043038;4.318222208622784;0.41499421738746445
826;2;32;18.036000000000005;18.0;17.876580580580587;4.228070550568023;0.41044178731939396
827;2;29;18.23999999999999;18.0;18.166566566566548;4.2622255414943195;0.4124824295496845
828;2;31;18.241999999999983;18.0;17.903339339339343;4.231233784528969;0.4120432674885887
829;2;33;18.126999999999992;18.0;16.885756756756756;4.109228243448732;0.4073010420950471
830;2;31;18.117;18.0;18.980291291291284;4.356637613032703;0.4158766020408791
831;2;31;17.935;18.0;17.49226726726727;4.182375792210364;0.40892956927292007
832;2;32;17.92599999999998;18.0;20.020544544544553;4.4744323153384;0.4193729756067611
833;2;30;17.86099999999999;18.0;19.084763763763775;4.368611193933808;0.41606436084695325
834;2;33;18.23500000000001;18.0;19.425200200200198;4.407402886077037;0.41693909733906764
835;2;32;18.04400000000003;18.0;20.44851251251253;4.522003152642922;0.4199675762525369
836;2;30;17.655999999999985;17.0;19.230894894894885;4.385304424426528;0.41589885734049636
837;2;31;17.827999999999975;18.0;19.437853853853863;4.408838152376867;0.416295442963776
838;2;30;17.808999999999994;18.0;18.38490390390391;4.287762109061545;0.41131544077691373
839;2;31;18.217000000000006;18.0;20.604515515515516;4.5392197033758475;0.4218757992335287
840;2;32;17.87600000000004;18.0;20.511135135135135;4.528922072097855;0.4198037823996902
841;2;30;18.145999999999994;18.0;17.488172172172177;4.181886197898286;0.410197533623263
842;2;33;18.041999999999977;18.0;19.54978578578578;4.421513969873416;0.4171694816892879
843;2;31;18.222000000000016;18.0;18.359075075075083;4.284749126270415;0.41217831973862035
844;2;30;18.046999999999983;18.0;18.391182182182202;4.288494162544961;0.4131358653581839
845;2;30;17.864000000000008;18.0;17.851355355355352;4.225086431702357;0.4101969639570714
846;2;32;18.15300000000002;18.0;19.527118118118114;4.418949888618122;0.41702775012320287
847;2;33;18.259000000000025;18.0;18.3062252252252;4.278577476828625;0.41345902511731797
848;2;30;18.520000000000007;18.0;17.753353353353344;4.213472837619028;0.41060022263062035
849;2;31;18.23699999999999;18.0;18.175006006006022;4.263215453857103;0.4115148328725655
850;2;29;18.101000000000024;18.0;18.65745645645647;4.319427792712418;0.4140913006213243
851;2;31;18.233000000000025;18.0;18.947658658658657;4.352890839276659;0.4147293162801791
852;2;31;18.116000000000035;18.0;18.280824824824823;4.275608123393072;0.4118356374017332
853;2;31;18.181999999999974;18.0;20.529405405405388;4.530938689212798;0.42097995187693626
854;2;32;17.954999999999995;18.0;20.04101601601602;4.476719336301531;0.4198892756518416
855;2;33;18.16699999999998;18.0;19.494605605605607;4.415269596027587;0.4158060825844487
856;2;33;17.99399999999999;18.0;18.79475875875877;4.335292234527999;0.41418529002991006
857;2;30;18.578000000000024;19.0;20.516432432432424;4.52950686415557;0.419951384840754
858;2;32;18.123;18.0;19.83770870870871;4.4539542777972825;0.4167852491183681
859;2;30;18.038999999999998;18.0;18.179658658658653;4.263761093056066;0.41196701361258947
860;2;29;18.089000000000024;18.0;18.679758758758755;4.322008648621466;0.41374951976386515
861;2;30;18.09999999999998;18.0;17.281281281281284;4.157076049494559;0.4087557966483907
862;2;31;18.255999999999997;18.0;18.553017017017016;4.307321327346848;0.41313558306096715
863;2;31;18.31899999999999;18.0;18.025264264264266;4.245617065193735;0.4092944352885133
864;2;30;18.253000000000036;18.0;18.061052052052055;4.2498296497685715;0.4116048609875955
865;2;32;18.25699999999999;18.0;17.5484994994995;4.18909292084808;0.40928553308582666
866;2;32;18.193;18.0;18.133884884884882;4.258389940445201;0.41146583579681556
867;2;31;18.130999999999972;18.0;19.032871871871876;4.362667976350237;0.4157690086856562
868;2;30;18.042;18.0;17.027263263263254;4.126410457439159;0.4081746557315471
869;2;32;18.132000000000016;18.0;16.98355955955956;4.121111447117095;0.40755973324029365
870;2;32;18.33600000000001;18.0;17.858962962962973;4.225986625980136;0.4115890941752439
871;2;33;18.195000000000007;18.0;16.551526526526544;4.0683567354063905;0.4051773988901674
872;2;32;18.153999999999986;18.0;16.38667067067068;4.0480452900962804;0.40406766348826556
873;2;32;18.371999999999964;18.0;18.027643643643636;4.245897271913633;0.4114891136643622
874;2;28;18.376000000000012;18.0;16.423047047047046;4.0525358785638215;0.4047059595466516
875;2;29;18.189000000000032;18.0;16.798077077077075;4.098545727093584;0.406859213458324
876;2;30;18.447999999999976;18.0;16.109405405405408;4.013652377250104;0.40346323606284384
877;2;30;18.299;18.0;15.557156156156156;3.944256096674778;0.401645413989568
878;2;31;18.195999999999984;18.0;16.363947947947953;4.045237687447791;0.40567740119005896
879;2;31;18.408000000000005;18.0;16.940476476476476;4.1158810085419715;0.4070293244091491
880;2;30;18.090000000000007;18.0;18.08798798798798;4.25299752974158;0.4125634070219569
881;2;31;18.099999999999987;18.0;16.91891891891891;4.113261348239242;0.407867974740895
882;2;30;18.287999999999986;18.0;17.644700700700703;4.200559569950259;0.410263586783131
883;2;31;18.209999999999997;18.0;17.151051051051052;4.141382746263747;0.4080758265612439
884;2;31;18.412000000000006;18.0;18.038294294294275;4.247151315210499;0.4116303841388206
885;2;29;18.040999999999993;18.0;16.85817717717718;4.105871061927929;0.4061752344622752
886;2;29;18.038000000000007;18.0;15.598154154154148;3.94944985461952;0.400731162804505
887;2;32;18.147999999999982;18.0;15.813909909909917;3.9766707067482865;0.4029020450902562
888;2;30;18.238000000000024;18.0;16.2556116116116;4.0318248488260995;0.40509275771748343
889;2;31;17.987;18.0;15.852683683683678;3.9815428772881094;0.4022365354224982
890;2;32;17.969999999999974;18.0;17.150250250250256;4.141286062354333;0.40745589504430235
891;2;30;18.150999999999982;18.0;16.622821821821827;4.077109493479642;0.406238000416872
892;2;30;18.14999999999999;18.0;15.090590590590587;3.88466093637406;0.40020516748426793
893;2;30;18.454999999999984;18.0;16.030005005005016;4.003748868873398;0.4044650773668355
894;2;33;18.505999999999993;18.0;16.914878878878874;4.112770219557479;0.40625807018431886
895;2;31;18.227999999999984;18.0;15.799815815815816;3.9748982145227085;0.402386992381036
896;2;30;18.51899999999997;18.0;16.52816716716717;4.065484862493915;0.4058239187528379
897;2;31;18.417999999999978;18.0;15.997273273273265;3.999659144636361;0.4038355300342728
898;2;29;18.40200000000001;18.0;16.146542542542544;4.018276065994289;0.4044341227133055
899;2;33;18.281000000000002;18.0;15.845884884884873;3.9806889962523915;0.40260359711147053
900;2;33;18.352999999999994;18.0;15.848239239239238;3.9809847072350375;0.4027278044660277
901;2;31;18.24500000000002;18.0;17.740715715715723;4.211972900638812;0.40993627180695247
902;2;29;18.26899999999999;18.0;16.579218218218223;4.071758614925279;0.4057957744784301
903;2;33;18.520999999999987;18.0;18.105664664664662;4.2550751655716565;0.4112603135097246
904;2;30;18.208999999999996;18.0;16.183502502502506;4.022872419366852;0.40369743455063606
905;2;33;18.09800000000001;18.0;17.289685685685676;4.158086781884871;0.4076909140910166
906;2;31;18.386000000000006;18.0;16.68769169169169;4.085057122206701;0.4064400414097792
907;2;30;18.477999999999987;18.0;17.791307307307306;4.217974313258357;0.41057657820582905
908;2;32;18.489999999999974;18.0;16.728628628628634;4.090064624016183;0.4060234602174359
909;2;30;18.389999999999983;18.0;16.110010010010004;4.013727695049828;0.40463440911035375
910;2;30;18.506999999999998;18.0;17.227178178178185;4.150563597654924;0.4088847204461684
911;2;31;18.127;18.0;18.078949949949955;4.25193484780164;0.41196360622015116
912;2;29;18.206000000000014;18.0;17.56713113113114;4.1913161573819675;0.41030923197671393
913;2;30;18.092999999999996;18.0;17.283634634634645;4.157359093779926;0.4089191730493617
914;2;29;18.169000000000008;18.0;16.04448348348348;4.005556575993339;0.403045533164496
915;2;32;17.889999999999983;18.0;16.720620620620625;4.089085548214983;0.4066463798886284
916;2;32;17.901;18.0;18.86406306306307;4.3432779168576205;0.4155385310212721
917;2;32;18.154999999999998;18.0;16.99396896896896;4.122374190799395;0.40703771225342117
918;2;31;18.345999999999968;18.0;17.589873873873874;4.194028358735057;0.4091145779194432
919;2;31;18.38300000000002;18.0;17.11342442442441;4.1368374906955685;0.4075555760350173
920;2;30;18.31800000000002;18.0;16.062938938938938;4.0078596456137205;0.40365370477063883
921;2;29;17.98699999999996;18.0;16.94978078078078;4.117011146545608;0.4064863867137898
922;2;32;18.036000000000005;18.0;17.700404404404388;4.207184855031258;0.4107405893048725
923;2;30;18.311999999999987;18.0;16.769425425425432;4.095048891701469;0.4066877029631239
924;2;32;18.258999999999997;18.0;17.977896896896887;4.240035011281969;0.4126387010730847
925;2;31;18.250999999999998;18.0;18.680679679679688;4.322115185841267;0.4141389394192939
926;2;31;17.972;18.0;17.875091091091086;4.227894403966481;0.41159451450947354
927;2;30;18.176999999999982;18.0;17.60127227227226;4.195387022942253;0.40933748422644534
928;2;31;18.027999999999974;18.0;16.495711711711714;4.061491316217691;0.405167598263737
929;2;30;18.245000000000005;18.0;17.048023023023028;4.128925165587653;0.4082549197795631
930;2;32;18.20000000000004;18.0;17.95395395395395;4.237210633654403;0.4116583499661999
931;2;33;17.874999999999996;18.0;19.328703703703713;4.396442164262338;0.41599800871800857
932;2;31;17.706000000000007;17.0;18.291855855855854;4.276897924413891;0.4132626610398439
933;2;33;17.918999999999983;18.0;17.529968968968962;4.186880577347408;0.41012231268203
934;2;29;17.62200000000002;17.0;18.339455455455454;4.282459043056391;0.4124666925849775
935;2;30;17.796999999999965;18.0;17.95975075075076;4.237894612983051;0.41066218252692843
936;2;32;17.975000000000012;18.0;18.923298298298302;4.350091757457341;0.4150547378375086
937;2;34;17.98000000000001;18.0;20.762362362362367;4.556573533079694;0.4215288568671461
938;2;31;17.875;18.0;20.86023523523523;4.567300650847854;0.4215346548836113
939;2;32;18.170999999999992;18.0;20.3421011011011;4.510221846107029;0.4207891460631181
940;2;32;17.999000000000017;18.0;19.622621621621626;4.4297428392200855;0.41802668914832747
941;2;30;18.203000000000007;18.0;20.512303303303298;4.529051037833787;0.42139558603553645
942;2;33;18.30699999999999;18.0;19.976727727727727;4.469533278512168;0.41888785902303677
943;2;31;17.996999999999982;18.0;19.88287387387389;4.459021627428363;0.41887865165520405
944;2;31;18.026999999999997;18.0;18.869140140140146;4.343862352807712;0.414895917581184
945;2;33;17.932000000000013;18.0;17.258634634634635;4.15435128926703;0.4086011350652626
946;2;32;18.31599999999999;18.0;17.719863863863882;4.209496865881228;0.4111015829989572
947;2;32;18.465999999999976;19.0;17.059903903903898;4.130363652743411;0.4083642332639567
948;2;32;18.26000000000003;18.0;16.87727727727728;4.1081963533012;0.40725450647500133
949;2;30;18.221000000000007;18.0;17.1352942942943;4.1394799545709;0.40877079841955155
950;2;30;18.518000000000004;19.0;16.918594594594595;4.113221923820133;0.4081850972112523
951;2;31;18.37200000000001;18.0;17.789405405405397;4.2177488551839355;0.41115525135372977
952;2;31;18.075999999999993;18.0;17.187411411411414;4.145770303744699;0.40804353471129295
953;2;32;18.418999999999993;18.0;17.29473373373373;4.158693753299674;0.40875559180316445
954;2;30;18.310000000000002;18.0;17.98388388388388;4.240740959299905;0.4119523499569125
955;2;30;18.327999999999975;18.0;18.9894054054054;4.357683490732823;0.4140534844798643
956;2;30;18.49900000000001;18.0;18.692691691691707;4.323504561312698;0.4131878175480256
957;2;31;18.295000000000027;18.0;20.69667167167166;4.549359479275259;0.42159560200607465
958;2;32;18.091000000000008;18.0;18.975694694694685;4.356110041619091;0.41445710369031613
959;2;31;18.433000000000014;18.0;18.10761861861862;4.255304762131453;0.41235175778731037
960;2;30;18.424000000000007;18.0;19.247471471471492;4.3871940316643725;0.4162358083028568
961;2;31;18.520999999999987;18.0;17.781340340340336;4.216792660345104;0.41072273901496636
962;2;30;18.655999999999956;19.0;17.322986986986983;4.162089257450756;0.4091866269977399
963;2;31;18.172;18.0;18.939355355355357;4.351936965921652;0.4149914028208434
964;2;30;18.164000000000005;18.0;17.568672672672676;4.191500050420216;0.4106180201522252
965;2;31;18.393999999999988;18.0;17.944708708708724;4.236119534280014;0.41187152880447736
966;2;30;18.290999999999993;18.0;17.712031031031024;4.208566386672667;0.41067446610932046
967;2;30;18.40200000000001;18.0;18.12452052052053;4.257290279100138;0.4115255742094796
968;2;32;18.144000000000027;18.0;18.00126526526527;4.242789797440508;0.41150823376489365
969;2;31;18.496000000000006;18.0;18.338322322322316;4.282326741658361;0.41360939009515313
970;2;31;18.263999999999985;18.0;17.52783183183184;4.1866253512622595;0.40951989137225864
971;2;31;18.41399999999999;18.0;17.269873873873866;4.155703776001589;0.40898590909821214
972;2;31;18.43599999999999;18.0;17.509413413413412;4.184425099510494;0.4092838956804995
973;2;31;18.576000000000008;19.0;18.64286686686687;4.317738628827232;0.4150045595129343
974;2;30;18.280999999999995;18.0;19.20124024024023;4.381921980163526;0.4158688660797762
975;2;31;18.26800000000002;18.0;19.643819819819832;4.43213490541746;0.4183983245354903
976;2;31;18.51300000000001;19.0;19.555386386386356;4.422147259690291;0.4179278963758656
977;2;31;18.037000000000013;18.0;19.166797797797788;4.377990155059487;0.41537101696370965
978;2;30;18.259999999999998;18.0;17.67807807807809;4.204530660855988;0.41116703839508656
979;2;30;18.56099999999997;19.0;18.17645545545546;4.263385445330443;0.4126810825911573
980;2;32;18.431;18.0;19.494733733733735;4.41528410566452;0.4168250917928027
981;2;33;18.078999999999976;18.0;17.574333333333332;4.192175250789658;0.40961553043160187
982;2;31;18.44599999999999;19.0;20.397481481481478;4.516357102962683;0.4199633217192534
983;2;34;18.68300000000001;19.0;18.020531531531528;4.245059661716373;0.4125361497977605
984;2;30;18.159000000000002;18.0;17.361080080080082;4.166662942941279;0.40829110254922507
985;2;35;18.232000000000003;18.0;18.863039039039034;4.3431600291768016;0.41506219213133955
986;2;31;18.175999999999995;18.0;18.42344744744744;4.292254354933715;0.41346545495697723
987;2;32;18.562999999999995;19.0;19.13116216216216;4.3739183991201935;0.4169371180236884
988;2;30;18.455999999999992;18.0;18.15822222222222;4.2612465573142115;0.41246656063231424
989;2;31;18.433000000000014;18.0;18.532043043043046;4.304885950062213;0.41414662505923233
990;2;31;18.250999999999994;18.0;18.33833733733733;4.282328494795481;0.4134648212411488
991;2;30;18.231999999999974;18.0;17.24742342342344;4.153001736506192;0.4094646817674836
992;2;30;18.145000000000007;18.0;16.856831831831833;4.105707226755438;0.40692013326956394
993;2;31;18.293999999999983;18.0;18.47804204204205;4.29860931488802;0.4138176151100308
994;2;31;18.32;18.0;17.801401401401396;4.219170700671092;0.4109212465358897
995;2;33;18.300999999999988;18.0;17.587986986986994;4.193803403473629;0.4097291812736179
996;2;33;18.39099999999999;18.0;17.299418418418423;4.159256955084456;0.40859821332414253
997;2;30;18.227000000000018;18.0;17.080551551551558;4.132862392041569;0.4075681263791216
998;2;30;18.240000000000006;18.0;18.01241241241241;4.244103251855734;0.4114197349754847
999;2;31;18.194999999999997;18.0;17.16814314314315;4.143445805503331;0.40926901026837137
1000;2;32;18.738000000000003;19.0;17.328684684684692;4.162773676851132;0.40957157182207665
1001;2;30;18.621000000000006;19.0;17.38874774774776;4.1699817442943035;0.4086923918189701
1002;2;29;18.367000000000015;18.0;16.53484584584583;4.066306167253743;0.40496487864223313
1003;2;29;18.648;19.0;15.703799799799784;3.9628020137018938;0.4015724928947884
1004;2;30;18.40600000000003;18.0;16.619783783783788;4.076736903920069;0.40480446510619295
1005;2;30;18.514999999999983;18.0;15.839614614614616;3.979901332271268;0.4022204971671548
1006;2;30;18.410999999999987;18.0;16.464543543543545;4.057652467072993;0.4045437873609689
1007;2;32;18.271;18.0;17.719278278278285;4.209427310012407;0.4103904432868772
1008;2;30;18.249000000000013;18.0;18.87787687687686;4.344867877954042;0.4151307063287516
1009;2;30;18.232000000000035;18.0;17.954130130130135;4.237231422772438;0.4111806267540202
1010;2;32;18.229999999999986;18.0;17.764864864864858;4.214838652293212;0.41152338880781014
1011;2;32;18.216999999999974;18.0;18.856767767767778;4.342437998148941;0.4146544458042431
1012;2;31;18.299999999999983;18.0;19.901901901901905;4.461154772242486;0.4192558148210325
1013;2;32;18.203999999999994;18.0;19.992376376376377;4.471283526726568;0.41817203337693226
1014;2;31;18.302;18.0;18.681477477477486;4.32220747737513;0.4151609541084876
1015;2;30;18.113000000000003;18.0;19.954185185185185;4.46701076618192;0.41748523265671045
1016;2;32;18.095999999999986;18.0;20.018802802802796;4.474237678398723;0.4199604384084825
1017;2;30;18.245000000000022;18.0;20.025000000000006;4.47493016705289;0.4199044544026899
1018;2;32;18.05000000000002;18.0;19.14264264264263;4.375230581654255;0.4157190839425117
1019;2;30;18.124999999999975;18.0;18.70407907907908;4.3248212771256895;0.41494332355781716
1020;2;32;18.24399999999998;18.0;18.11457857857857;4.256122481623217;0.41149130432680425
1021;2;31;18.224999999999998;18.0;18.424799799799807;4.292411886084536;0.41361906078962324
1022;2;30;18.545000000000016;18.0;17.807782782782798;4.2199268693643015;0.40982995598549815
1023;2;33;18.422999999999977;18.0;18.464535535535532;4.297037995589;0.4138891699633081
1024;2;31;18.417000000000012;18.0;17.0962072072072;4.134756003346171;0.4081758281675397
1025;2;30;18.586999999999996;18.0;18.87330430430431;4.344341642217415;0.41522386008628553
1026;2;31;18.130999999999993;18.0;17.871710710710715;4.227494613918593;0.4115679975214106
1027;2;30;18.283000000000005;18.0;17.680591591591597;4.204829555593377;0.40985476456096154
1028;2;32;18.29899999999999;18.0;17.521120120120138;4.185823708676721;0.4092986024564215
1029;2;32;18.188;18.0;17.095751751751752;4.134700926518356;0.40709163470128246
1030;2;31;18.113999999999997;18.0;18.093097097097097;4.253598135355184;0.4123748390518867
1031;2;30;18.366000000000028;18.0;17.951995995995993;4.2369795840900615;0.4110402760387138
1032;2;28;18.176999999999968;18.0;17.35903003003004;4.166416929452697;0.40828617231443143
1033;2;30;18.117999999999977;18.0;17.337413413413408;4.163821971868323;0.40915118658328076
1034;2;31;18.29000000000001;18.0;18.28218218218219;4.275766853113274;0.412768596319151
1035;2;32;18.34200000000003;18.0;17.0560920920921;4.129902189167693;0.4076017185463641
1036;2;30;18.209000000000007;18.0;18.52984884884887;4.304631093235385;0.41428721064553586
1037;2;31;18.18999999999999;18.0;18.49439439439439;4.300510945735912;0.4143320356410357
1038;2;30;18.167999999999985;18.0;18.892668668668655;4.346569758863724;0.4154532897924842
1039;0;32;18.035000000000004;18.0;18.324099099099104;4.2806657308296225;0.4123281240634757
